Symbol,Security Name
AAL,"American Airlines Group, Inc. - Common Stock"
AAME,Atlantic American Corporation - Common Stock
AAOI,"Applied Optoelectronics, Inc. - Common Stock"
AAON,"AAON, Inc. - Common Stock"
AAPL,Apple Inc. - Common Stock
AARD,"Aardvark Therapeutics, Inc. - Common Stock"
ABAT,American Battery Technology Company - Common Stock
ABEO,Abeona Therapeutics Inc. - Common Stock
ABOS,"Acumen Pharmaceuticals, Inc. - Common Stock"
ABP,"Abpro Holdings, Inc - Common Stock"
ABSI,Absci Corporation - Common Stock
ABUS,Arbutus Biopharma Corporation - Common Stock
ABVC,"ABVC BioPharma, Inc. - Common Stock"
ABVE,Above Food Ingredients Inc. - Common Stock
ACAD,ACADIA Pharmaceuticals Inc. - Common Stock
ACET,"Adicet Bio, Inc. - Common Stock"
ACGL,Arch Capital Group Ltd. - Common Stock
ACHC,"Acadia Healthcare Company, Inc. - Common Stock"
ACIC,American Coastal Insurance Corporation - Common Stock
ACIU,AC Immune SA - Common Stock
ACIW,"ACI Worldwide, Inc. - Common Stock"
ACLS,"Axcelis Technologies, Inc. - Common Stock"
ACLX,"Arcellx, Inc. - Common Stock"
ACNB,ACNB Corporation - Common Stock
ACNT,Ascent Industries Co. - Common Stock
ACOG,Alpha Cognition Inc. - Common Stock
ACON,"Aclarion, Inc. - Common Stock"
ACRS,"Aclaris Therapeutics, Inc. - Common Stock"
ACRV,"Acrivon Therapeutics, Inc. - Common Stock"
ACT,"Enact Holdings, Inc. - Common Stock"
ACTG,Acacia Research Corporation - Common Stock
ACXP,"Acurx Pharmaceuticals, Inc. - Common Stock"
ADBE,Adobe Inc. - Common Stock
ADEA,Adeia Inc.  - Common Stock
ADGM,"Adagio Medical Holdings, Inc - Common Stock"
ADI,"Analog Devices, Inc. - Common Stock"
ADIL,"Adial Pharmaceuticals, Inc - Common Stock"
ADMA,ADMA Biologics Inc - Common Stock
ADP,"Automatic Data Processing, Inc. - Common Stock"
ADPT,Adaptive Biotechnologies Corporation - Common Stock
ADSK,"Autodesk, Inc. - Common Stock"
ADTN,"ADTRAN Holdings, Inc. - Common Stock"
ADTX,"Aditxt, Inc. - Common Stock"
ADUR,Aduro Clean Technologies Inc. - Common Stock
ADUS,Addus HomeCare Corporation - Common Stock
ADVB,Advanced Biomed Inc. - Common Stock
ADVM,"Adverum Biotechnologies, Inc. - Common Stock"
AEBI,Aebi Schmidt Holding AG - Common Stock
AEHR,Aehr Test Systems - Common Stock
AEI,Alset Inc. - Common Stock
AEIS,"Advanced Energy Industries, Inc. - Common Stock"
AEMD,"Aethlon Medical, Inc. - Common Stock"
AEP,"American Electric Power Company, Inc. - Common Stock"
AEVA,"Aeva Technologies, Inc. - Common Stock"
AEYE,"AudioEye, Inc. - Common Stock"
AFBI,"Affinity Bancshares, Inc. - Common Stock"
AFCG,Advanced Flower Capital Inc. - Common Stock
AGAE,Allied Gaming & Entertainment Inc. - Common Stock
AGEN,Agenus Inc. - Common Stock
AGFY,Agrify Corporation - Common Stock
AGH,Aureus Greenway Holdings Inc. - Common Stock
AGIO,"Agios Pharmaceuticals, Inc. - Common Stock"
AGNC,AGNC Investment Corp. - Common Stock
AGYS,"Agilysys, Inc. - Common Stock"
AHCO,AdaptHealth Corp.  - Common Stock
AIFF,"Firefly Neuroscience, Inc.  - Common Stock"
AIHS,Senmiao Technology Limited - Common Stock
AIMD,"Ainos, Inc. - Common Stock"
AIOT,"PowerFleet, Inc. - Common Stock"
AIP,"Arteris, Inc.  - Common Stock"
AIRE,reAlpha Tech Corp. - Common Stock
AIRG,"Airgain, Inc. - Common Stock"
AIRO,"AIRO Group Holdings, Inc. - Common Stock"
AIRS,"AirSculpt Technologies, Inc. - Common Stock"
AIRT,"Air T, Inc. - Common Stock"
AKAM,"Akamai Technologies, Inc. - Common Stock"
AKBA,"Akebia Therapeutics, Inc. - Common Stock"
AKRO,"Akero Therapeutics, Inc. - Common Stock"
ALAB,"Astera Labs, Inc. - Common Stock"
ALBT,Avalon GloboCare Corp. - Common Stock
ALCO,"Alico, Inc. - Common Stock"
ALDX,"Aldeyra Therapeutics, Inc. - Common Stock"
ALEC,"Alector, Inc. - Common Stock"
ALGM,"Allegro MicroSystems, Inc. - Common Stock"
ALGN,"Align Technology, Inc. - Common Stock"
ALGT,Allegiant Travel Company - Common Stock
ALHC,"Alignment Healthcare, Inc. - Common Stock"
ALKT,"Alkami Technology, Inc. - Common Stock"
ALLO,"Allogene Therapeutics, Inc. - Common Stock"
ALMS,Alumis Inc. - Common Stock
ALMU,"Aeluma, Inc. - Common Stock"
ALNT,Allient Inc. - Common Stock
ALNY,"Alnylam Pharmaceuticals, Inc. - Common Stock"
ALOT,"AstroNova, Inc. - Common Stock"
ALRM,"Alarm.com Holdings, Inc. - Common Stock"
ALRS,Alerus Financial Corporation - Common Stock
ALT,"Altimmune, Inc. - Common Stock"
ALTO,"Alto Ingredients, Inc. - Common Stock"
ALTS,ALT5 Sigma Corporation - Common Stock
ALXO,ALX Oncology Holdings Inc. - Common Stock
ALZN,"Alzamend Neuro, Inc. - Common Stock"
AMAL,Amalgamated Financial Corp. - Common Stock
AMAT,"Applied Materials, Inc. - Common Stock"
AMD,"Advanced Micro Devices, Inc. - Common Stock"
AMED,Amedisys Inc - Common Stock
AMGN,Amgen Inc. - Common Stock
AMIX,"Autonomix Medical, Inc. - Common Stock"
AMKR,"Amkor Technology, Inc. - Common Stock"
AMLX,"Amylyx Pharmaceuticals, Inc. - Common Stock"
AMPG,"Amplitech Group, Inc. - Common Stock"
AMPH,"Amphastar Pharmaceuticals, Inc. - Common Stock"
AMRK,"A-Mark Precious Metals, Inc. - Common Stock"
AMSC,American Superconductor Corporation - Common Stock
AMSF,"AMERISAFE, Inc. - Common Stock"
AMST,Amesite Inc. - Common Stock
AMTX,"Aemetis, Inc - Common Stock"
AMWD,American Woodmark Corporation - Common Stock
AMZN,"Amazon.com, Inc. - Common Stock"
ANAB,"AnaptysBio, Inc. - Common Stock"
ANDE,"The Andersons, Inc. - Common Stock"
ANEB,"Anebulo Pharmaceuticals, Inc. - Common Stock"
ANGO,"AngioDynamics, Inc. - Common Stock"
ANIK,Anika Therapeutics Inc. - Common Stock
ANIP,"ANI Pharmaceuticals, Inc. - Common Stock"
ANIX,"Anixa Biosciences, Inc. - Common Stock"
ANSS,"ANSYS, Inc. - Common Stock"
ANTX,"AN2 Therapeutics, Inc. - Common Stock"
AOUT,"American Outdoor Brands, Inc. - Common Stock"
APA,APA Corporation - Common Stock
APDN,"Applied DNA Sciences, Inc. - Common Stock"
APEI,"American Public Education, Inc. - Common Stock"
APGE,"Apogee Therapeutics, Inc. - Common Stock"
APLD,Applied Digital Corporation - Common Stock
APLS,"Apellis Pharmaceuticals, Inc. - Common Stock"
APLT,"Applied Therapeutics, Inc. - Common Stock"
APOG,"Apogee Enterprises, Inc. - Common Stock"
APPS,"Digital Turbine, Inc. - Common Stock"
APRE,"Aprea Therapeutics, Inc. - Common Stock"
APVO,Aptevo Therapeutics Inc. - Common Stock
APYX,Apyx Medical Corporation - Common Stock
AQB,"AquaBounty Technologies, Inc. - Common Stock"
AQMS,"Aqua Metals, Inc. - Common Stock"
AQST,"Aquestive Therapeutics, Inc. - Common Stock"
ARAI,Arrive AI Inc. - Common Stock
ARAY,Accuray Incorporated - Common Stock
ARCB,ArcBest Corporation - Common Stock
ARCT,Arcturus Therapeutics Holdings Inc. - Common Stock
ARDX,"Ardelyx, Inc. - Common Stock"
AREB,"American Rebel Holdings, Inc. - Common Stock"
ARKO,ARKO Corp. - Common Stock
ARKR,Ark Restaurants Corp. - Common Stock
AROW,Arrow Financial Corporation - Common Stock
ARQ,"Arq, Inc. - Common Stock"
ARRY,"Array Technologies, Inc. - Common Stock"
ARTL,"Artelo Biosciences, Inc. - Common Stock"
ARTV,"Artiva Biotherapeutics, Inc. - Common Stock"
ARTW,"Art's-Way Manufacturing Co., Inc. - Common Stock"
ARVN,"Arvinas, Inc. - Common Stock"
ARWR,"Arrowhead Pharmaceuticals, Inc. - Common Stock"
ASBP,"Aspire Biopharma Holdings, Inc.  - Common Stock"
ASLE,AerSale Corporation - Common Stock
ASMB,"Assembly Biosciences, Inc. - Common Stock"
ASNS,"Actelis Networks, Inc. - Common Stock"
ASO,"Academy Sports and Outdoors, Inc. - Common Stock"
ASPI,ASP Isotopes Inc. - Common Stock
ASPS,Altisource Portfolio Solutions S.A. - Common Stock
ASRT,"Assertio Holdings, Inc. - Common Stock"
ASRV,AmeriServ Financial Inc. - Common Stock
ASTC,Astrotech Corporation - Common Stock
ASTE,"Astec Industries, Inc. - Common Stock"
ASTH,Astrana Health Inc. - Common Stock
ASTI,"Ascent Solar Technologies, Inc - Common Stock"
ASUR,Asure Software Inc - Common Stock
ASYS,"Amtech Systems, Inc. - Common Stock"
ATEC,"Alphatec Holdings, Inc. - Common Stock"
ATER,"Aterian, Inc. - Common Stock"
ATEX,Anterix Inc. - Common Stock
ATHA,"Athira Pharma, Inc. - Common Stock"
ATHR,"Aether Holdings, Inc. - Common Stock"
ATLC,Atlanticus Holdings Corporation - Common Stock
ATLN,Atlantic International Corp. - Common Stock
ATLO,Ames National Corporation - Common Stock
ATLX,Atlas Lithium Corporation - Common Stock
ATNF,180 Life Sciences Corp. - Common Stock
ATNI,"ATN International, Inc. - Common Stock"
ATOM,Atomera Incorporated - Common Stock
ATOS,"Atossa Therapeutics, Inc. - Common Stock"
ATPC,Agape ATP Corporation - Common Stock
ATRA,"Atara Biotherapeutics, Inc. - Common Stock"
ATRC,"AtriCure, Inc. - Common Stock"
ATRO,Astronics Corporation - Common Stock
ATXG,Addentax Group Corp. - Common Stock
ATXS,"Astria Therapeutics, Inc. - Common Stock"
ATYR,"aTyr Pharma, Inc. - Common Stock"
AUBN,"Auburn National Bancorporation, Inc. - Common Stock"
AUID,authID Inc. - Common Stock
AURA,"Aura Biosciences, Inc. - Common Stock"
AUUD,Auddia Inc. - Common Stock
AVAH,Aveanna Healthcare Holdings Inc. - Common Stock
AVAV,"AeroVironment, Inc. - Common Stock"
AVBP,"ArriVent BioPharma, Inc. - Common Stock"
AVDX,"AvidXchange Holdings, Inc. - Common Stock"
AVGO,Broadcom Inc. - Common Stock
AVNW,"Aviat Networks, Inc. - Common Stock"
AVO,"Mission Produce, Inc. - Common Stock"
AVR,Anteris Technologies Global Corp. - Common Stock
AVT,"Avnet, Inc. - Common Stock"
AVTX,"Avalo Therapeutics, Inc. - Common Stock"
AVXL,Anavex Life Sciences Corp. - Common Stock
AWRE,"Aware, Inc. - Common Stock"
AXGN,"Axogen, Inc. - Common Stock"
AXON,"Axon Enterprise, Inc. - Common Stock"
AXSM,"Axsome Therapeutics, Inc. - Common Stock"
AXTI,AXT Inc - Common Stock
AYRO,"AYRO, Inc. - Common Stock"
AYTU,"Aytu BioPharma, Inc.  - Common Stock"
AZTA,"Azenta, Inc. - Common Stock"
BAER,"Bridger Aerospace Group Holdings, Inc. - Common Stock"
BAFN,BayFirst Financial Corp. - Common Stock
BANF,BancFirst Corporation - Common Stock
BANR,Banner Corporation - Common Stock
BASE,"Couchbase, Inc. - Common Stock"
BBCP,"Concrete Pumping Holdings, Inc.  - Common Stock"
BBIO,"BridgeBio Pharma, Inc. - Common Stock"
BBLG,Bone Biologics Corp - Common Stock
BBNX,"Beta Bionics, Inc. - Common Stock"
BBSI,"Barrett Business Services, Inc. - Common Stock"
BCAB,"BioAtla, Inc. - Common Stock"
BCAL,California BanCorp - Common Stock
BCAX,Bicara Therapeutics Inc. - Common Stock
BCBP,"BCB Bancorp, Inc. (NJ) - Common Stock"
BCDA,"BioCardia, Inc. - Common Stock"
BCG,"Binah Capital Group, Inc. - Common Stock"
BCLI,Brainstorm Cell Therapeutics Inc. - Common Stock
BCML,BayCom Corp - Common Stock
BCPC,Balchem Corporation - Common Stock
BCRX,"BioCryst Pharmaceuticals, Inc. - Common Stock"
BDSX,"Biodesix, Inc. - Common Stock"
BDTX,"Black Diamond Therapeutics, Inc. - Common Stock"
BEAM,Beam Therapeutics Inc. - Common Stock
BEAT,"Heartbeam, Inc. - Common Stock"
BEEM,Beam Global - Common Stock
BEEP,Mobile Infrastructure Corporation - Common Stock
BFC,Bank First Corporation - Common Stock
BFIN,BankFinancial Corporation - Common Stock
BFRG,"Bullfrog AI Holdings, Inc. - Common Stock"
BFRI,Biofrontera Inc. - Common Stock
BFST,"Business First Bancshares, Inc. - Common Stock"
BGFV,Big 5 Sporting Goods Corporation - Common Stock
BHF,"Brighthouse Financial, Inc. - Common Stock"
BHRB,Burke & Herbert Financial Services Corp. - Common Stock
BHST,BioHarvest Sciences Inc. - Common Stock
BIAF,"bioAffinity Technologies, Inc. - Common Stock"
BIIB,Biogen Inc. - Common Stock
BIOA,"BioAge Labs, Inc. - Common Stock"
BITF,Bitfarms Ltd. - Common Stock
BJDX,"Bluejay Diagnostics, Inc. - Common Stock"
BJRI,"BJ's Restaurants, Inc. - Common Stock"
BKNG,Booking Holdings Inc. - Common Stock
BKR,Baker Hughes Company - Common Stock
BKYI,"BIO-key International, Inc. - Common Stock"
BL,"BlackLine, Inc. - Common Stock"
BLBD,Blue Bird Corporation - Common Stock
BLBX,Blackboxstocks Inc. - Common Stock
BLFS,"BioLife Solutions, Inc. - Common Stock"
BLFY,Blue Foundry Bancorp - Common Stock
BLIN,"Bridgeline Digital, Inc. - Common Stock"
BLKB,"Blackbaud, Inc. - Common Stock"
BLMN,"Bloomin' Brands, Inc. - Common Stock"
BLNE,"Beeline Holdings, Inc. - Common Stock"
BLNK,Blink Charging Co. - Common Stock
BMEA,"Biomea Fusion, Inc. - Common Stock"
BMRA,"Biomerica, Inc. - Common Stock"
BMRC,Bank of Marin Bancorp - Common Stock
BMRN,BioMarin Pharmaceutical Inc. - Common Stock
BNAI,Brand Engagement Network Inc. - Common Stock
BNGO,"Bionano Genomics, Inc. - Common Stock"
BNTC,Benitec Biopharma Inc. - Common Stock
BOF,BranchOut Food Inc. - Common Stock
BOKF,BOK Financial Corporation - Common Stock
BOLD,"Boundless Bio, Inc. - Common Stock"
BOLT,"Bolt Biotherapeutics, Inc. - Common Stock"
BOOM,DMC Global Inc. - Common Stock
BOTJ,"Bank of the James Financial Group, Inc. - Common Stock"
BPMC,Blueprint Medicines Corporation - Common Stock
BPOP,"Popular, Inc. - Common Stock"
BPRN,"Princeton Bancorp, Inc. - Common Stock"
BRFH,Barfresh Food Group Inc. - Common Stock
BRID,Bridgford Foods Corporation - Common Stock
BRKL,"Brookline Bancorp, Inc. - Common Stock"
BRKR,Bruker Corporation - Common Stock
BRTX,"BioRestorative Therapies, Inc. - Common Stock"
BRY,Berry Corporation (bry) - Common Stock
BSBK,Bogota Financial Corp. - Common Stock
BSET,"Bassett Furniture Industries, Incorporated - Common Stock"
BSGM,"BioSig Technologies, Inc. - Common Stock"
BSLK,"Bolt Projects Holdings, Inc. - Common Stock"
BSRR,Sierra Bancorp - Common Stock
BTAI,"BioXcel Therapeutics, Inc. - Common Stock"
BTBD,"BT Brands, Inc. - Common Stock"
BTCS,BTCS Inc. - Common Stock
BTSG,"BrightSpring Health Services, Inc. - Common Stock"
BUSE,First Busey Corporation - Common Stock
BVFL,"BV Financial, Inc. - Common Stock"
BWB,"Bridgewater Bancshares, Inc. - Common Stock"
BWEN,"Broadwind, Inc. - Common Stock"
BWFG,"Bankwell Financial Group, Inc. - Common Stock"
BWMN,Bowman Consulting Group Ltd. - Common Stock
BYRN,"Byrna Technologies, Inc. - Common Stock"
BZAI,"Blaize Holdings, Inc. - Common Stock"
CAAS,"China Automotive Systems, Inc. - Common Stock"
CABA,"Cabaletta Bio, Inc. - Common Stock"
CAC,Camden National Corporation - Common Stock
CACC,Credit Acceptance Corporation - Common Stock
CADL,"Candel Therapeutics, Inc. - Common Stock"
CAI,"Caris Life Sciences, Inc. - Common Stock"
CAKE,The Cheesecake Factory Incorporated - Common Stock
CALC,"CalciMedica, Inc. - Common Stock"
CALM,"Cal-Maine Foods, Inc. - Common Stock"
CAMP,CAMP4 Therapeutics Corporation - Common Stock
CAPR,"Capricor Therapeutics, Inc. - Common Stock"
CAPS,Capstone Holding Corp. - Common Stock
CAR,"Avis Budget Group, Inc. - Common Stock"
CARE,"Carter Bankshares, Inc. - Common Stock"
CARM,"Carisma Therapeutics, Inc. - Common Stock"
CART,Maplebear Inc. - Common Stock
CARV,"Carver Bancorp, Inc. - Common Stock"
CASH,"Pathward Financial, Inc. - Common Stock"
CASK,"Heritage Distilling Holding Company, Inc. - Common Stock"
CASS,"Cass Information Systems, Inc - Common Stock"
CASY,"Caseys General Stores, Inc. - Common Stock"
CATY,Cathay General Bancorp - Common Stock
CBAT,"CBAK Energy Technology, Inc. - Common Stock"
CBFV,"CB Financial Services, Inc. - Common Stock"
CBIO,"Crescent Biopharma, Inc. - Common Stock"
CBLL,"CeriBell, Inc. - Common Stock"
CBNK,"Capital Bancorp, Inc. - Common Stock"
CBRL,"Cracker Barrel Old Country Store, Inc. - Common Stock"
CBSH,"Commerce Bancshares, Inc. - Common Stock"
CCAP,"Crescent Capital BDC, Inc. - Common Stock"
CCB,Coastal Financial Corporation - Common Stock
CCBG,Capital City Bank Group - Common Stock
CCCC,"C4 Therapeutics, Inc. - Common Stock"
CCCS,CCC Intelligent Solutions Holdings Inc. - Common Stock
CCLD,"CareCloud, Inc. - Common Stock"
CCNE,CNB Financial Corporation - Common Stock
CCOI,"Cogent Communications Holdings, Inc. - Common Stock"
CCRN,"Cross Country Healthcare, Inc. - Common Stock"
CCSI,"Consensus Cloud Solutions, Inc. - Common Stock"
CDLX,"Cardlytics, Inc. - Common Stock"
CDNA,"CareDx, Inc. - Common Stock"
CDNS,"Cadence Design Systems, Inc. - Common Stock"
CDT,Conduit Pharmaceuticals Inc.  - Common Stock
CDTX,"Cidara Therapeutics, Inc. - Common Stock"
CDW,CDW Corporation - Common Stock
CDXS,"Codexis, Inc. - Common Stock"
CDZI,"Cadiz, Inc. - Common Stock"
CECO,CECO Environmental Corp. - Common Stock
CEG,Constellation Energy Corporation - Common Stock
CELC,Celcuity Inc. - Common Stock
CELH,"Celsius Holdings, Inc. - Common Stock"
CELZ,"Creative Medical Technology Holdings, Inc. - Common Stock"
CENN,Cenntro Inc. - Common Stock
CENT,Central Garden & Pet Company - Common Stock
CENX,Century Aluminum Company - Common Stock
CERO,"CERo Therapeutics Holdings, Inc. - Common Stock"
CERS,Cerus Corporation - Common Stock
CERT,"Certara, Inc. - Common Stock"
CETX,Cemtrex Inc. - Common Stock
CETY,"Clean Energy Technologies, Inc. - Common Stock"
CEVA,"CEVA, Inc. - Common Stock"
CFBK,CF Bankshares Inc. - Common Stock
CFFI,C&F Financial Corporation - Common Stock
CFFN,"Capitol Federal Financial, Inc. - Common Stock"
CFSB,"CFSB Bancorp, Inc. - Common Stock"
CG,The Carlyle Group Inc. - Common Stock
CGEM,"Cullinan Therapeutics, Inc. - Common Stock"
CGNX,Cognex Corporation - Common Stock
CGTX,"Cognition Therapeutics, Inc. - Common Stock"
CHCO,City Holding Company - Common Stock
CHDN,"Churchill Downs, Incorporated - Common Stock"
CHEF,"The Chefs' Warehouse, Inc. - Common Stock"
CHMG,Chemung Financial Corp  - Common Stock
CHRD,Chord Energy Corporation - Common Stock
CHRS,"Coherus Oncology, Inc. - Common Stock"
CHRW,"C.H. Robinson Worldwide, Inc. - Common Stock"
CHX,ChampionX Corporation - Common Stock
CIFR,Cipher Mining Inc. - Common Stock
CIIT,"Tianci International, Inc. - Common Stock"
CINF,Cincinnati Financial Corporation - Common Stock
CING,Cingulate Inc. - Common Stock
CISO,"CISO Global, Inc. - Common Stock"
CISS,C3is Inc. - Common Stock
CIVB,"Civista Bancshares, Inc.  - Common Stock"
CJMB,Callan JMB Inc. - Common Stock
CLAR,Clarus Corporation - Common Stock
CLBK,"Columbia Financial, Inc. - Common Stock"
CLDX,"Celldex Therapeutics, Inc. - Common Stock"
CLFD,"Clearfield, Inc. - Common Stock"
CLIR,ClearSign Technologies Corporation - Common Stock
CLMB,"Climb Global Solutions, Inc. - Common Stock"
CLMT,"Calumet, Inc - Common Stock"
CLNE,Clean Energy Fuels Corp. - Common Stock
CLNN,Clene Inc. - Common Stock
CLPS,CLPS Incorporation - Common Stock
CLPT,ClearPoint Neuro Inc. - Common Stock
CLRB,"Cellectar Biosciences, Inc. - Common Stock"
CLRO,"ClearOne, Inc. - Common Stock"
CLSD,"Clearside Biomedical, Inc. - Common Stock"
CLSK,"CleanSpark, Inc. - Common Stock"
CLYM,"Climb Bio, Inc. - Common Stock"
CMCO,Columbus McKinnon Corporation - Common Stock
CMCT,Creative Media  - Common Stock
CMPX,"Compass Therapeutics, Inc. - Common Stock"
CMTL,Comtech Telecommunications Corp. - Common Stock
CNDT,Conduent Incorporated - Common Stock
CNET,ZW Data Action Technologies Inc. - Common Stock
CNFR,"Conifer Holdings, Inc. - Common Stock"
CNOB,"ConnectOne Bancorp, Inc. - Common Stock"
CNSP,"CNS Pharmaceuticals, Inc. - Common Stock"
CNTX,Context Therapeutics Inc. - Common Stock
CNTY,"Century Casinos, Inc. - Common Stock"
CNXC,Concentrix Corporation - Common Stock
CNXN,"PC Connection, Inc. - Common Stock"
COCO,"The Vita Coco Company, Inc. - Common Stock"
COCP,"Cocrystal Pharma, Inc. - Common Stock"
CODX,"Co-Diagnostics, Inc. - Common Stock"
COEP,"Coeptis Therapeutics Holdings, Inc. - Common Stock"
COFS,"ChoiceOne Financial Services, Inc. - Common Stock"
COGT,"Cogent Biosciences, Inc. - Common Stock"
COHU,"Cohu, Inc. - Common Stock"
COKE,"Coca-Cola Consolidated, Inc. - Common Stock"
COLB,"Columbia Banking System, Inc. - Common Stock"
COLL,"Collegium Pharmaceutical, Inc. - Common Stock"
COLM,Columbia Sportswear Company - Common Stock
COMM,"CommScope Holding Company, Inc. - Common Stock"
COO,"The Cooper Companies, Inc.  - Common Stock"
COOP,Mr. Cooper Group Inc. - Common Stock
CORT,Corcept Therapeutics Incorporated - Common Stock
CORZ,"Core Scientific, Inc. - Common Stock"
COSM,Cosmos Health Inc. - Common Stock
COST,Costco Wholesale Corporation - Common Stock
COYA,"Coya Therapeutics, Inc. - Common Stock"
CPB,The Campbell's Company - Common Stock
CPBI,"Central Plains Bancshares, Inc. - Common Stock"
CPHC,Canterbury Park Holding Corporation - Common Stock
CPIX,Cumberland Pharmaceuticals Inc. - Common Stock
CPRT,"Copart, Inc. - Common Stock"
CPRX,"Catalyst Pharmaceuticals, Inc. - Common Stock"
CPSH,CPS Technologies Corp. - Common Stock
CPSS,"Consumer Portfolio Services, Inc. - Common Stock"
CRAI,"CRA International,Inc. - Common Stock"
CRBP,"Corbus Pharmaceuticals Holdings, Inc. - Common Stock"
CRBU,"Caribou Biosciences, Inc. - Common Stock"
CRDF,"Cardiff Oncology, Inc. - Common Stock"
CREG,Smart Powerr Corp. - Common Stock
CREX,"Creative Realities, Inc. - Common Stock"
CRGX,"CARGO Therapeutics, Inc. - Common Stock"
CRIS,"Curis, Inc. - Common Stock"
CRMD,CorMedix Inc. - Common Stock
CRMT,"America's Car-Mart, Inc. - Common Stock"
CRNC,Cerence Inc. - Common Stock
CRNX,"Crinetics Pharmaceuticals, Inc. - Common Stock"
CROX,"Crocs, Inc. - Common Stock"
CRSR,"Corsair Gaming, Inc. - Common Stock"
CRUS,"Cirrus Logic, Inc. - Common Stock"
CRVL,CorVel Corp. - Common Stock
CRVO,CervoMed Inc. - Common Stock
CRVS,"Corvus Pharmaceuticals, Inc. - Common Stock"
CRWS,"Crown Crafts, Inc. - Common Stock"
CSBR,"Champions Oncology, Inc. - Common Stock"
CSCI,COSCIENS Biopharma Inc.  - Common Stock
CSCO,"Cisco Systems, Inc. - Common Stock"
CSGP,"CoStar Group, Inc. - Common Stock"
CSGS,"CSG Systems International, Inc. - Common Stock"
CSPI,CSP Inc. - Common Stock
CSWC,Capital Southwest Corporation - Common Stock
CSX,CSX Corporation - Common Stock
CTAS,Cintas Corporation - Common Stock
CTBI,"Community Trust Bancorp, Inc. - Common Stock"
CTKB,"Cytek Biosciences, Inc. - Common Stock"
CTLP,"Cantaloupe, Inc. - Common Stock"
CTMX,"CytomX Therapeutics, Inc. - Common Stock"
CTOR,"Citius Oncology, Inc.  - Common Stock"
CTRN,"Citi Trends, Inc. - Common Stock"
CTSO,Cytosorbents Corporation - Common Stock
CTXR,"Citius Pharmaceuticals, Inc. - Common Stock"
CUE,"Cue Biopharma, Inc. - Common Stock"
CV,"CapsoVision, Inc. - Common Stock"
CVBF,CVB Financial Corporation - Common Stock
CVCO,"Cavco Industries, Inc. - Common Stock"
CVGI,"Commercial Vehicle Group, Inc. - Common Stock"
CVGW,"Calavo Growers, Inc. - Common Stock"
CVKD,"Cadrenal Therapeutics, Inc. - Common Stock"
CVLT,"Commvault Systems, Inc. - Common Stock"
CVRX,"CVRx, Inc. - Common Stock"
CVV,CVD Equipment Corporation - Common Stock
CWBC,Community West Bancshares - Common Stock
CXDO,"Crexendo, Inc. - Common Stock"
CYCC,"Cyclacel Pharmaceuticals, Inc. - Common Stock"
CYCN,"Cyclerion Therapeutics, Inc. - Common Stock"
CYCU,"Cycurion, Inc. - Common Stock"
CYRX,"CryoPort, Inc. - Common Stock"
CYTK,"Cytokinetics, Incorporated - Common Stock"
CZFS,"Citizens Financial Services, Inc. - Common Stock"
CZNC,Citizens & Northern Corp - Common Stock
CZR,"Caesars Entertainment, Inc. - Common Stock"
CZWI,"Citizens Community Bancorp, Inc. - Common Stock"
DAIC,"CID HoldCo, Inc. - Common Stock"
DAIO,Data I/O Corporation - Common Stock
DAKT,"Daktronics, Inc. - Common Stock"
DARE,"Dare Bioscience, Inc. - Common Stock"
DASH,"DoorDash, Inc. - Common Stock"
DATS,"DatChat, Inc. - Common Stock"
DAWN,"Day One Biopharmaceuticals, Inc. - Common Stock"
DCGO,DocGo Inc. - Common Stock
DCOM,"Dime Community Bancshares, Inc. - Common Stock"
DCTH,"Delcath Systems, Inc. - Common Stock"
DEFT,"Defi Technologies, Inc. - Common Stock"
DENN,Denny's Corporation - Common Stock
DERM,Journey Medical Corporation - Common Stock
DEVS,DevvStream Corp. - Common Stock
DFDV,DeFi Development Corp. - Common Stock
DFLI,Dragonfly Energy Holdings Corp - Common Stock
DGII,Digi International Inc. - Common Stock
DGLY,"Digital Ally, Inc. - Common Stock"
DIBS,"1stdibs.com, Inc. - Common Stock"
DIOD,Diodes Incorporated - Common Stock
DJCO,Daily Journal Corp. (S.C.) - Common Stock
DJT,Trump Media & Technology Group Corp. - Common Stock
DLHC,DLH Holdings Corp. - Common Stock
DLPN,"Dolphin Entertainment, Inc. - Common Stock"
DLTR,"Dollar Tree, Inc. - Common Stock"
DMAC,DiaMedica Therapeutics Inc. - Common Stock
DMRC,Digimarc Corporation - Common Stock
DNLI,Denali Therapeutics Inc. - Common Stock
DNTH,"Dianthus Therapeutics, Inc. - Common Stock"
DNUT,"Krispy Kreme, Inc. - Common Stock"
DOCU,"DocuSign, Inc. - Common Stock"
DOMH,Dominari Holdings Inc. - Common Stock
DORM,"Dorman Products, Inc. - Common Stock"
DPZ,Domino's Pizza Inc - Common Stock
DRIO,DarioHealth Corp. - Common Stock
DRMA,"Dermata Therapeutics, Inc. - Common Stock"
DRRX,DURECT Corporation - Common Stock
DRS,"Leonardo DRS, Inc. - Common Stock"
DRVN,Driven Brands Holdings Inc. - Common Stock
DSGN,"Design Therapeutics, Inc. - Common Stock"
DSGR,"Distribution Solutions Group, Inc. - Common Stock"
DSGX,The Descartes Systems Group Inc. - Common Stock
DTI,Drilling Tools International Corporation  - Common Stock
DTIL,"Precision BioSciences, Inc. - Common Stock"
DTSS,Datasea Inc. - Common Stock
DTST,Data Storage Corporation - Common Stock
DUOT,"Duos Technologies Group, Inc. - Common Stock"
DVAX,Dynavax Technologies Corporation - Common Stock
DVLT,Datavault AI Inc. - Common Stock
DWSN,Dawson Geophysical Company - Common Stock
DWTX,"Dogwood Therapeutics, Inc.  - Common Stock"
DXCM,"DexCom, Inc. - Common Stock"
DXLG,"Destination XL Group, Inc. - Common Stock"
DXPE,"DXP Enterprises, Inc. - Common Stock"
DYAI,"Dyadic International, Inc. - Common Stock"
DYN,"Dyne Therapeutics, Inc. - Common Stock"
EA,Electronic Arts Inc. - Common Stock
EBAY,eBay Inc. - Common Stock
EBC,"Eastern Bankshares, Inc. - Common Stock"
EBMT,"Eagle Bancorp Montana, Inc. - Common Stock"
ECBK,"ECB Bancorp, Inc. - Common Stock"
ECDA,"ECD Automotive Design, Inc. - Common Stock"
ECOR,"electroCore, Inc. - Common Stock"
ECPG,Encore Capital Group Inc - Common Stock
EDBL,Edible Garden AG Incorporated - Common Stock
EDIT,"Editas Medicine, Inc. - Common Stock"
EDUC,Educational Development Corporation - Common Stock
EEFT,"Euronet Worldwide, Inc. - Common Stock"
EEIQ,EpicQuest Education Group International Limited - Common Stock
EFOI,"Energy Focus, Inc. - Common Stock"
EFSC,Enterprise Financial Services Corporation - Common Stock
EFSI,Eagle Financial Services Inc - Common Stock
EGAN,eGain Corporation - Common Stock
EGBN,"Eagle Bancorp, Inc. - Common Stock"
EHLD,Euroholdings Ltd. - Common Stock
EHTH,"eHealth, Inc. - Common Stock"
EKSO,"Ekso Bionics Holdings, Inc. - Common Stock"
ELAB,PMGC Holdings Inc. - Common Stock
ELBM,Electra Battery Materials Corporation - Common Stock
ELDN,"Eledon Pharmaceuticals, Inc. - Common Stock"
ELSE,"Electro-Sensors, Inc. - Common Stock"
ELTX,"Elicio Therapeutics, Inc. - Common Stock"
ELVN,"Enliven Therapeutics, Inc.  - Common Stock"
EMBC,Embecta Corp. - Common Stock
EML,Eastern Company (The) - Common Stock
ENGN,enGene Holdings Inc. - Common Stock
ENPH,"Enphase Energy, Inc. - Common Stock"
ENSC,"Ensysce Biosciences, Inc. - Common Stock"
ENSG,"The Ensign Group, Inc. - Common Stock"
ENTA,"Enanta Pharmaceuticals, Inc. - Common Stock"
ENTG,"Entegris, Inc. - Common Stock"
ENTO,Entero Therapeutics Inc. - Common Stock
ENVB,"Enveric Biosciences, Inc.  - Common Stock"
ENVX,Enovix Corporation - Common Stock
EOLS,"Evolus, Inc. - Common Stock"
EOSE,"Eos Energy Enterprises, Inc. - Common Stock"
EPIX,ESSA Pharma Inc. - Common Stock
EPRX,Eupraxia Pharmaceuticals Inc. - Common Stock
EQ,"Equillium, Inc. - Common Stock"
EQIX,"Equinix, Inc. - Common Stock"
ERAS,"Erasca, Inc. - Common Stock"
ERII,"Energy Recovery, Inc. - Common Stock"
ERNA,Ernexa Therapeutics Inc. - Common Stock
ESCA,"Escalade, Incorporated - Common Stock"
ESEA,Euroseas Ltd. - Common Stock
ESLA,"Estrella Immunopharma, Inc. - Common Stock"
ESOA,Energy Services of America Corporation - Common Stock
ESPR,"Esperion Therapeutics, Inc. - Common Stock"
ESQ,"Esquire Financial Holdings, Inc. - Common Stock"
ETNB,"89bio, Inc. - Common Stock"
ETON,"Eton Pharmaceuticals, Inc. - Common Stock"
ETSY,"Etsy, Inc. - Common Stock"
EU,enCore Energy Corp. - Common Stock
EVCM,EverCommerce Inc. - Common Stock
EVGO,EVgo Inc. - Common Stock
EVOK,"Evoke Pharma, Inc. - Common Stock"
EVRG,"Evergy, Inc. - Common Stock"
EWBC,"East West Bancorp, Inc. - Common Stock"
EWTX,"Edgewise Therapeutics, Inc. - Common Stock"
EXAS,Exact Sciences Corporation - Common Stock
EXC,Exelon Corporation - Common Stock
EXE,Expand Energy Corporation - Common Stock
EXEL,"Exelixis, Inc. - Common Stock"
EXLS,"ExlService Holdings, Inc. - Common Stock"
EXOZ,eXoZymes Inc. - Common Stock
EXPE,"Expedia Group, Inc. - Common Stock"
EXPI,"eXp World Holdings, Inc. - Common Stock"
EXPO,"Exponent, Inc. - Common Stock"
EXTR,"Extreme Networks, Inc. - Common Stock"
EYE,"National Vision Holdings, Inc. - Common Stock"
EYPT,"EyePoint Pharmaceuticals, Inc. - Common Stock"
FA,First Advantage Corporation - Common Stock
FANG,"Diamondback Energy, Inc. - Common Stock"
FARM,Farmer Brothers Company - Common Stock
FARO,"FARO Technologies, Inc. - Common Stock"
FAST,Fastenal Company - Common Stock
FAT,FAT Brands Inc. - Common Stock
FATE,"Fate Therapeutics, Inc. - Common Stock"
FBIO,"Fortress Biotech, Inc. - Common Stock"
FBIZ,"First Business Financial Services, Inc. - Common Stock"
FBLA,"FB Bancorp, Inc. - Common Stock"
FBLG,"FibroBiologics, Inc. - Common Stock"
FBNC,First Bancorp - Common Stock
FBRX,"Forte Biosciences, Inc.  - Common Stock"
FCAP,"First Capital, Inc. - Common Stock"
FCBC,"First Community Bankshares, Inc. - Common Stock"
FCCO,First Community Corporation - Common Stock
FCEL,"FuelCell Energy, Inc. - Common Stock"
FCFS,"FirstCash Holdings, Inc. - Common Stock"
FCUV,Focus Universal Inc. - Common Stock
FDBC,"Fidelity D & D Bancorp, Inc. - Common Stock"
FDMT,"4D Molecular Therapeutics, Inc. - Common Stock"
FDSB,"Fifth District Bancorp, Inc. - Common Stock"
FEAM,"5E Advanced Materials, Inc. - Common Stock"
FEIM,"Frequency Electronics, Inc. - Common Stock"
FELE,"Franklin Electric Co., Inc. - Common Stock"
FEMY,Femasys Inc. - Common Stock
FENC,Fennec Pharmaceuticals Inc. - Common Stock
FFBC,First Financial Bancorp. - Common Stock
FFIC,Flushing Financial Corporation - Common Stock
FFIN,"First Financial Bankshares, Inc. - Common Stock"
FFIV,"F5, Inc. - Common Stock"
FGBI,"First Guaranty Bancshares, Inc. - Common Stock"
FGEN,"FibroGen, Inc - Common Stock"
FGF,Fundamental Global Inc. - Common Stock
FHB,"First Hawaiian, Inc. - Common Stock"
FHTX,Foghorn Therapeutics Inc. - Common Stock
FIBK,"First Interstate BancSystem, Inc. - Common Stock"
FIEE,"FiEE, Inc - Common Stock"
FINW,FinWise Bancorp - Common Stock
FIP,FTAI Infrastructure Inc. - Common Stock
FISI,"Financial Institutions, Inc. - Common Stock"
FITB,Fifth Third Bancorp - Common Stock
FIVE,"Five Below, Inc. - Common Stock"
FIVN,"Five9, Inc. - Common Stock"
FIZZ,National Beverage Corp. - Common Stock
FLGC,Flora Growth Corp. - Common Stock
FLGT,"Fulgent Genetics, Inc. - Common Stock"
FLL,"Full House Resorts, Inc. - Common Stock"
FLNT,"Fluent, Inc. - Common Stock"
FLUX,"Flux Power Holdings, Inc. - Common Stock"
FLXS,"Flexsteel Industries, Inc. - Common Stock"
FLYE,"Fly-E Group, Inc. - Common Stock"
FMAO,"Farmers & Merchants Bancorp, Inc. - Common Stock"
FMBH,"First Mid Bancshares, Inc. - Common Stock"
FMNB,Farmers National Banc Corp. - Common Stock
FNLC,"First Bancorp, Inc (ME) - Common Stock"
FNWB,First Northwest Bancorp - Common Stock
FOLD,"Amicus Therapeutics, Inc. - Common Stock"
FONR,Fonar Corporation - Common Stock
FORA,Forian Inc. - Common Stock
FORD,"Forward Industries, Inc. - Common Stock"
FORM,"FormFactor, Inc. - Common Stock"
FORR,"Forrester Research, Inc. - Common Stock"
FOSL,"Fossil Group, Inc. - Common Stock"
FOXF,Fox Factory Holding Corp. - Common Stock
FOXX,Foxx Development Holdings Inc. - Common Stock
FPAY,"FlexShopper, Inc. - Common Stock"
FRAF,Franklin Financial Services Corporation - Common Stock
FRBA,First Bank  - Common Stock
FRD,Friedman Industries Inc. - Common Stock
FRHC,Freedom Holding Corp. - Common Stock
FRME,First Merchants Corporation - Common Stock
FRPH,"FRP Holdings, Inc. - Common Stock"
FRPT,"Freshpet, Inc. - Common Stock"
FRST,Primis Financial Corp. - Common Stock
FSBC,Five Star Bancorp - Common Stock
FSBW,"FS Bancorp, Inc. - Common Stock"
FSEA,"First Seacoast Bancorp, Inc. - Common Stock"
FSFG,"First Savings Financial Group, Inc. - Common Stock"
FSLR,"First Solar, Inc. - Common Stock"
FSTR,L.B. Foster Company - Common Stock
FSUN,FirstSun Capital Bancorp - Common Stock
FTAI,FTAI Aviation Ltd. - Common Stock
FTCI,"FTC Solar, Inc. - Common Stock"
FTDR,"Frontdoor, Inc. - Common Stock"
FTEK,"Fuel Tech, Inc. - Common Stock"
FTFT,Future FinTech Group Inc. - Common Stock
FTHM,Fathom Holdings Inc. - Common Stock
FTLF,"FitLife Brands, Inc. - Common Stock"
FTNT,"Fortinet, Inc. - Common Stock"
FTRE,Fortrea Holdings Inc. - Common Stock
FULC,"Fulcrum Therapeutics, Inc. - Common Stock"
FULT,Fulton Financial Corporation - Common Stock
FUNC,First United Corporation - Common Stock
FUSB,"First US Bancshares, Inc. - Common Stock"
FVCB,"FVCBankcorp, Inc. - Common Stock"
FWRD,Forward Air Corporation - Common Stock
FWRG,"First Watch Restaurant Group, Inc. - Common Stock"
FXNC,First National Corporation - Common Stock
FYBR,"Frontier Communications Parent, Inc. - Common Stock"
GABC,"German American Bancorp, Inc. - Common Stock"
GALT,Galectin Therapeutics Inc. - Common Stock
GANX,"Gain Therapeutics, Inc. - Common Stock"
GBFH,GBank Financial Holdings Inc. - Common Stock
GCBC,"Greene County Bancorp, Inc. - Common Stock"
GCTK,"GlucoTrack, Inc. - Common Stock"
GDC,GD Culture Group Limited - Common Stock
GDEN,"Golden Entertainment, Inc. - Common Stock"
GEG,"Great Elm Group, Inc.  - Common Stock"
GEHC,GE HealthCare Technologies Inc. - Common Stock
GEN,Gen Digital Inc. - Common Stock
GEOS,Geospace Technologies Corporation - Common Stock
GERN,Geron Corporation - Common Stock
GEVO,"Gevo, Inc. - Common Stock"
GH,"Guardant Health, Inc. - Common Stock"
GIFI,"Gulf Island Fabrication, Inc. - Common Stock"
GIFT,"Giftify, Inc. - Common Stock"
GIII,"G-III Apparel Group, LTD. - Common Stock"
GILD,"Gilead Sciences, Inc. - Common Stock"
GITS,"Global Interactive Technologies, Inc. Common Stock - Common Stock"
GLBS,Globus Maritime Limited - Common Stock
GLBZ,Glen Burnie Bancorp - Common Stock
GLDD,Great Lakes Dredge & Dock Corporation - Common Stock
GLPI,"Gaming and Leisure Properties, Inc. - Common Stock"
GLTO,"Galecto, Inc. - Common Stock"
GLUE,"Monte Rosa Therapeutics, Inc. - Common Stock"
GMGI,"Golden Matrix Group, Inc. - Common Stock"
GNLX,Genelux Corporation - Common Stock
GNPX,"Genprex, Inc. - Common Stock"
GNSS,Genasys Inc. - Common Stock
GNTX,Gentex Corporation - Common Stock
GO,Grocery Outlet Holding Corp. - Common Stock
GOGL,Golden Ocean Group Limited - Common Stock
GOGO,Gogo Inc. - Common Stock
GORV,"Lazydays Holdings, Inc. - Common Stock"
GOSS,"Gossamer Bio, Inc. - Common Stock"
GOVX,"GeoVax Labs, Inc. - Common Stock"
GPRE,"Green Plains, Inc. - Common Stock"
GRAL,"GRAIL, Inc. - Common Stock"
GRCE,"Grace Therapeutics, Inc. - Common Stock"
GRI,"GRI Bio, Inc. - Common Stock"
GRNQ,Greenpro Capital Corp. - Common Stock
GRPN,"Groupon, Inc. - Common Stock"
GRWG,GrowGeneration Corp. - Common Stock
GRYP,"Gryphon Digital Mining, Inc - Common Stock"
GSAT,"Globalstar, Inc. - Common Stock"
GSBC,"Great Southern Bancorp, Inc. - Common Stock"
GSIT,"GSI Technology, Inc. - Common Stock"
GT,The Goodyear Tire & Rubber Company - Common Stock
GTBP,"GT Biopharma, Inc. - Common Stock"
GTIM,Good Times Restaurants Inc. - Common Stock
GTM,ZoomInfo Technologies Inc. - Common Stock
GTX,Garrett Motion Inc. - Common Stock
GURE,"Gulf Resources, Inc. - Common Stock"
GUTS,"Fractyl Health, Inc. - Common Stock"
GWAV,"Greenwave Technology Solutions, Inc. - Common Stock"
GXAI,Gaxos.ai Inc. - Common Stock
GYRE,"Gyre Therapeutics, Inc. - Common Stock"
GYRO,"Gyrodyne , LLC - Common Stock"
HAFC,Hanmi Financial Corporation - Common Stock
HAIN,"The Hain Celestial Group, Inc. - Common Stock"
HALO,"Halozyme Therapeutics, Inc. - Common Stock"
HAS,"Hasbro, Inc. - Common Stock"
HBAN,Huntington Bancshares Incorporated - Common Stock
HBCP,"Home Bancorp, Inc. - Common Stock"
HBIO,"Harvard Bioscience, Inc. - Common Stock"
HBNC,"Horizon Bancorp, Inc. - Common Stock"
HBT,"HBT Financial, Inc. - Common Stock"
HCKT,"The Hackett Group, Inc. - Common Stock"
HCSG,"Healthcare Services Group, Inc. - Common Stock"
HCTI,"Healthcare Triangle, Inc. - Common Stock"
HCWB,HCW Biologics Inc. - Common Stock
HDSN,"Hudson Technologies, Inc. - Common Stock"
HELE,Helen of Troy Limited - Common Stock
HFBL,"Home Federal Bancorp, Inc. of Louisiana - Common Stock"
HFFG,HF Foods Group Inc. - Common Stock
HFWA,Heritage Financial Corporation - Common Stock
HGBL,Heritage Global Inc. - Common Stock
HHS,"Harte Hanks, Inc. - Common Stock"
HIFS,Hingham Institution for Savings - Common Stock
HIHO,Highway Holdings Limited - Common Stock
HLIT,Harmonic Inc. - Common Stock
HLMN,Hillman Solutions Corp. - Common Stock
HLVX,"HilleVax, Inc. - Common Stock"
HMR,Heidmar Maritime Holdings Corp. - Common Stock
HMST,"HomeStreet, Inc. - Common Stock"
HNNA,"Hennessy Advisors, Inc. - Common Stock"
HNRG,Hallador Energy Company - Common Stock
HNST,"The Honest Company, Inc. - Common Stock"
HNVR,"Hanover Bancorp, Inc. - Common Stock"
HOFT,Hooker Furnishings Corporation - Common Stock
HOLX,"Hologic, Inc. - Common Stock"
HON,Honeywell International Inc. - Common Stock
HONE,"HarborOne Bancorp, Inc. - Common Stock"
HOOK,HOOKIPA Pharma Inc. - Common Stock
HOPE,"Hope Bancorp, Inc. - Common Stock"
HOTH,"Hoth Therapeutics, Inc. - Common Stock"
HOWL,"Werewolf Therapeutics, Inc. - Common Stock"
HPK,"HighPeak Energy, Inc. - Common Stock"
HQI,"HireQuest, Inc. - Common Stock"
HQY,"HealthEquity, Inc. - Common Stock"
HRMY,"Harmony Biosciences Holdings, Inc. - Common Stock"
HROW,"Harrow, Inc. - Common Stock"
HRTX,"Heron Therapeutics, Inc.   - Common Stock"
HRZN,Horizon Technology Finance Corporation - Common Stock
HSCS,HeartSciences Inc. - Common Stock
HSIC,"Henry Schein, Inc. - Common Stock"
HSII,"Heidrick & Struggles International, Inc. - Common Stock"
HSON,"Hudson Global, Inc. - Common Stock"
HST,"Host Hotels & Resorts, Inc. - Common Stock"
HSTM,"HealthStream, Inc. - Common Stock"
HTBK,Heritage Commerce Corp - Common Stock
HTCR,"Heartcore Enterprises, Inc. - Common Stock"
HTLD,"Heartland Express, Inc. - Common Stock"
HTO,H2O America  - Common Stock
HTZ,"Hertz Global Holdings, Inc - Common Stock"
HUMA,"Humacyte, Inc. - Common Stock"
HURA,"TuHURA Biosciences, Inc. - Common Stock"
HURC,"Hurco Companies, Inc. - Common Stock"
HURN,Huron Consulting Group Inc. - Common Stock
HUT,Hut 8 Corp. - Common Stock
HWBK,"Hawthorn Bancshares, Inc. - Common Stock"
HWC,Hancock Whitney Corporation - Common Stock
HWH,HWH International Inc. - Common Stock
HWKN,"Hawkins, Inc. - Common Stock"
HYFM,"Hydrofarm Holdings Group, Inc. - Common Stock"
HYPD,"Hyperion DeFi, Inc. - Common Stock"
IAC,IAC Inc. - Common Stock
IART,Integra LifeSciences Holdings Corporation - Common Stock
IAS,Integral Ad Science Holding Corp. - Common Stock
IBAC,IB Acquisition Corp. - Common Stock
IBCP,Independent Bank Corporation - Common Stock
IBIO,"iBio, Inc. - Common Stock"
IBOC,International Bancshares Corporation - Common Stock
IBRX,"ImmunityBio, Inc. - Common Stock"
ICAD,icad inc. - Common Stock
ICCC,ImmuCell Corporation - Common Stock
ICFI,"ICF International, Inc. - Common Stock"
ICMB,"Investcorp Credit Management BDC, Inc. - Common Stock"
ICU,SeaStar Medical Holding Corporation - Common Stock
ICUI,"ICU Medical, Inc. - Common Stock"
IDCC,"InterDigital, Inc. - Common Stock"
IDN,"Intellicheck, Inc. - Common Stock"
IDXX,"IDEXX Laboratories, Inc. - Common Stock"
IDYA,"IDEAYA Biosciences, Inc. - Common Stock"
IESC,"IES Holdings, Inc. - Common Stock"
IFRX,InflaRx N.V. - Common Stock
IGMS,"IGM Biosciences, Inc. - Common Stock"
III,"Information Services Group, Inc. - Common Stock"
IIIV,"i3 Verticals, Inc. - Common Stock"
IKNA,"Ikena Oncology, Inc. - Common Stock"
IKT,"Inhibikase Therapeutics, Inc. - Common Stock"
ILLR,Triller Group Inc. - Common Stock
ILMN,"Illumina, Inc. - Common Stock"
IMDX,Insight Molecular Diagnostics Inc. - Common Stock
IMG,CIMG Inc. - Common Stock
IMMR,Immersion Corporation - Common Stock
IMMX,"Immix Biopharma, Inc. - Common Stock"
IMNM,"Immunome, Inc. - Common Stock"
IMNN,"Imunon, Inc. - Common Stock"
IMUX,"Immunic, Inc.  - Common Stock"
IMVT,"Immunovant, Inc.  - Common Stock"
IMXI,"International Money Express, Inc. - Common Stock"
INAB,"IN8bio, Inc. - Common Stock"
INBK,First Internet Bancorp - Common Stock
INBS,Intelligent Bio Solutions Inc.  - Common Stock
INBX,"Inhibrx Biosciences, Inc. - Common Stock"
INCY,Incyte Corporation - Common Stock
INDB,Independent Bank Corp. - Common Stock
INDP,"Indaptus Therapeutics, Inc. - Common Stock"
INGN,"Inogen, Inc - Common Stock"
INHD,Inno Holdings Inc. - Common Stock
INKT,"MiNK Therapeutics, Inc. - Common Stock"
INNV,InnovAge Holding Corp. - Common Stock
INO,"Inovio Pharmaceuticals, Inc. - Common Stock"
INOD,Innodata Inc. - Common Stock
INSE,"Inspired Entertainment, Inc. - Common Stock"
INSG,Inseego Corp. - Common Stock
INSM,Insmed Incorporated - Common Stock
INTA,"Intapp, Inc. - Common Stock"
INTC,Intel Corporation - Common Stock
INTG,The Intergroup Corporation - Common Stock
INTS,"Intensity Therapeutics, Inc. - Common Stock"
INTU,Intuit Inc. - Common Stock
INTZ,Intrusion Inc. - Common Stock
INV,"Innventure, Inc. - Common Stock"
INVA,"Innoviva, Inc. - Common Stock"
INVE,"Identiv, Inc. - Common Stock"
IOBT,"IO Biotech, Inc. - Common Stock"
IONS,"Ionis Pharmaceuticals, Inc. - Common Stock"
IOSP,Innospec Inc. - Common Stock
IOVA,"Iovance Biotherapeutics, Inc. - Common Stock"
IPA,ImmunoPrecise Antibodies Ltd. - Common Stock
IPAR,"Interparfums, Inc. - Common Stock"
IPDN,"Professional Diversity Network, Inc. - Common Stock"
IPGP,IPG Photonics Corporation - Common Stock
IPM,Intelligent Protection Management Corp.  - Common Stock
IPSC,"Century Therapeutics, Inc. - Common Stock"
IPW,iPower Inc. - Common Stock
IPWR,Ideal Power Inc. - Common Stock
IQST,iQSTEL Inc. - Common Stock
IRBT,iRobot Corporation - Common Stock
IRD,"Opus Genetics, Inc. - Common Stock"
IRDM,Iridium Communications Inc - Common Stock
IRIX,IRIDEX Corporation - Common Stock
IRMD,iRadimed Corporation - Common Stock
IROH,Iron Horse Acquisitions Corp. - Common Stock
IRON,"Disc Medicine, Inc. - Common Stock"
IROQ,"IF Bancorp, Inc. - Common Stock"
IRTC,"iRhythm Technologies, Inc. - Common Stock"
ISPC,iSpecimen Inc. - Common Stock
ISPR,Ispire Technology Inc. - Common Stock
ISRG,"Intuitive Surgical, Inc. - Common Stock"
ISSC,"Innovative Solutions and Support, Inc. - Common Stock"
ISTR,Investar Holding Corporation - Common Stock
ITIC,Investors Title Company - Common Stock
ITOS,"iTeos Therapeutics, Inc. - Common Stock"
ITRI,"Itron, Inc. - Common Stock"
IVDA,"Iveda Solutions, Inc. - Common Stock"
IVF,"INVO Fertility, Inc. - Common Stock"
IVVD,"Invivyd, Inc. - Common Stock"
IXHL,Incannex Healthcare Inc. - Common Stock
IZEA,"IZEA Worldwide, Inc. - Common Stock"
JACK,Jack In The Box Inc. - Common Stock
JAGX,"Jaguar Health, Inc. - Common Stock"
JAKK,"JAKKS Pacific, Inc. - Common Stock"
JAMF,Jamf Holding Corp. - Common Stock
JANX,"Janux Therapeutics, Inc. - Common Stock"
JBHT,"J.B. Hunt Transport Services, Inc. - Common Stock"
JBIO,"Jade Biosciences, Inc. - Common Stock"
JBLU,JetBlue Airways Corporation - Common Stock
JBSS,"John B. Sanfilippo & Son, Inc. - Common Stock"
JCAP,"Jefferson Capital, Inc. - Common Stock"
JJSF,J & J Snack Foods Corp. - Common Stock
JKHY,"Jack Henry & Associates, Inc. - Common Stock"
JMSB,"John Marshall Bancorp, Inc. - Common Stock"
JRSH,"Jerash Holdings (US), Inc. - Common Stock"
JTAI,Jet.AI Inc. - Common Stock
JUNS,"Jupiter Neurosciences, Inc. - Common Stock"
JVA,"Coffee Holding Co., Inc. - Common Stock"
JXG,JX Luxventure Group Inc. - Common Stock
JYNT,The Joint Corp. - Common Stock
KALA,"KALA BIO, Inc. - Common Stock"
KALU,Kaiser Aluminum Corporation - Common Stock
KALV,"KalVista Pharmaceuticals, Inc. - Common Stock"
KAVL,"Kaival Brands Innovations Group, Inc. - Common Stock"
KDP,Keurig Dr Pepper Inc. - Common Stock
KE,"Kimball Electronics, Inc. - Common Stock"
KEQU,Kewaunee Scientific Corporation - Common Stock
KFFB,Kentucky First Federal Bancorp - Common Stock
KG,"Kestrel Group, Ltd. - Common Stock"
KHC,The Kraft Heinz Company - Common Stock
KIDS,OrthoPediatrics Corp. - Common Stock
KINS,"Kingstone Companies, Inc - Common Stock"
KIRK,"Kirkland's, Inc. - Common Stock"
KLAC,KLA Corporation  - Common Stock
KLIC,"Kulicke and Soffa Industries, Inc. - Common Stock"
KLRS,"Kalaris Therapeutics, Inc.  - Common Stock"
KLTO,"Klotho Neurosciences, Inc. - Common Stock"
KLTR,"Kaltura, Inc. - Common Stock"
KLXE,"KLX Energy Services Holdings, Inc.  - Common Stock"
KMB,Kimberly-Clark Corporation - Common Stock
KMTS,"Kestra Medical Technologies, Ltd. - Common Stock"
KOD,Kodiak Sciences Inc - Common Stock
KOPN,Kopin Corporation - Common Stock
KOSS,Koss Corporation - Common Stock
KPLT,"Katapult Holdings, Inc. - Common Stock"
KPRX,"Kiora Pharmaceuticals, Inc.  - Common Stock"
KPTI,Karyopharm Therapeutics Inc. - Common Stock
KRMD,"KORU Medical Systems, Inc. - Common Stock"
KRNY,Kearny Financial - Common Stock
KRRO,"Korro Bio, Inc. - Common Stock"
KRT,Karat Packaging Inc. - Common Stock
KRYS,"Krystal Biotech, Inc. - Common Stock"
KTCC,Key Tronic Corporation - Common Stock
KTOS,"Kratos Defense & Security Solutions, Inc. - Common Stock"
KTTA,Pasithea Therapeutics Corp. - Common Stock
KURA,"Kura Oncology, Inc. - Common Stock"
KVHI,"KVH Industries, Inc. - Common Stock"
KYMR,"Kymera Therapeutics, Inc. - Common Stock"
KYTX,"Kyverna Therapeutics, Inc. - Common Stock"
KZR,"Kezar Life Sciences, Inc. - Common Stock"
LAB,Standard BioTools Inc. - Common Stock
LAKE,"Lakeland Industries, Inc. - Common Stock"
LAND,Gladstone Land Corporation - Common Stock
LARK,Landmark Bancorp Inc. - Common Stock
LASE,Laser Photonics Corporation - Common Stock
LASR,"nLIGHT, Inc. - Common Stock"
LAUR,"Laureate Education, Inc. - Common Stock"
LCID,"Lucid Group, Inc. - Common Stock"
LCNB,LCNB Corporation - Common Stock
LCUT,"Lifetime Brands, Inc. - Common Stock"
LDWY,"Lendway, Inc. - Common Stock"
LE,"Lands' End, Inc. - Common Stock"
LEDS,SemiLEDS Corporation - Common Stock
LEE,"Lee Enterprises, Incorporated - Common Stock"
LEGH,Legacy Housing Corporation - Common Stock
LENZ,"LENZ Therapeutics, Inc. - Common Stock"
LESL,"Leslie's, Inc. - Common Stock"
LEXX,Lexaria Bioscience Corp. - Common Stock
LFCR,"Lifecore Biomedical, Inc. - Common Stock"
LFMD,"LifeMD, Inc. - Common Stock"
LFST,"LifeStance Health Group, Inc. - Common Stock"
LFUS,"Littelfuse, Inc. - Common Stock"
LFVN,Lifevantage Corporation - Common Stock
LGIH,"LGI Homes, Inc. - Common Stock"
LGND,Ligand Pharmaceuticals Incorporated - Common Stock
LIEN,"Chicago Atlantic BDC, Inc. - Common Stock"
LIF,"Life360, Inc. - Common Stock"
LINC,Lincoln Educational Services Corporation - Common Stock
LIND,Lindblad Expeditions Holdings Inc.  - Common Stock
LINE,"Lineage, Inc. - Common Stock"
LINK,"Interlink Electronics, Inc. - Common Stock"
LIQT,"LiqTech International, Inc. - Common Stock"
LITE,Lumentum Holdings Inc. - Common Stock
LIVE,Live Ventures Incorporated - Common Stock
LIXT,"Lixte Biotechnology Holdings, Inc. - Common Stock"
LKFN,Lakeland Financial Corporation - Common Stock
LKQ,LKQ Corporation - Common Stock
LMAT,"LeMaitre Vascular, Inc. - Common Stock"
LMB,"Limbach Holdings, Inc. - Common Stock"
LMFA,"LM Funding America, Inc. - Common Stock"
LMNR,Limoneira Co - Common Stock
LNKB,"LINKBANCORP, Inc. - Common Stock"
LNSR,"LENSAR, Inc. - Common Stock"
LNT,Alliant Energy Corporation - Common Stock
LNTH,"Lantheus Holdings, Inc. - Common Stock"
LNW,"Light & Wonder, Inc.  - Common Stock"
LNZA,"LanzaTech Global, Inc. - Common Stock"
LOAN,"Manhattan Bridge Capital, Inc - Common Stock"
LOCO,"El Pollo Loco Holdings, Inc. - Common Stock"
LOOP,"Loop Industries, Inc. - Common Stock"
LOPE,"Grand Canyon Education, Inc. - Common Stock"
LOVE,The Lovesac Company - Common Stock
LPCN,Lipocine Inc. - Common Stock
LPLA,LPL Financial Holdings Inc. - Common Stock
LPRO,Open Lending Corporation - Common Stock
LPSN,"LivePerson, Inc. - Common Stock"
LPTX,"Leap Therapeutics, Inc. - Common Stock"
LQDA,Liquidia Corporation - Common Stock
LQDT,"Liquidity Services, Inc. - Common Stock"
LRCX,Lam Research Corporation - Common Stock
LRFC,Logan Ridge Finance Corporation - Common Stock
LRHC,La Rosa Holdings Corp. - Common Stock
LRMR,"Larimar Therapeutics, Inc. - Common Stock"
LSAK,"Lesaka Technologies, Inc. - Common Stock"
LSBK,"Lake Shore Bancorp, Inc. - Common Stock"
LSCC,Lattice Semiconductor Corporation - Common Stock
LSH,Lakeside Holding Limited - Common Stock
LSTA,"Lisata Therapeutics, Inc. - Common Stock"
LSTR,"Landstar System, Inc. - Common Stock"
LTBR,Lightbridge Corporation - Common Stock
LTRN,Lantern Pharma Inc. - Common Stock
LTRX,"Lantronix, Inc. - Common Stock"
LUCD,Lucid Diagnostics Inc. - Common Stock
LUCY,"Innovative Eyewear, Inc. - Common Stock"
LULU,lululemon athletica inc. - Common Stock
LUNG,Pulmonx Corporation - Common Stock
LVLU,"Lulu's Fashion Lounge Holdings, Inc. - Common Stock"
LVO,"LiveOne, Inc. - Common Stock"
LWAY,"Lifeway Foods, Inc. - Common Stock"
LWLG,"Lightwave Logic, Inc. - Common Stock"
LXEO,"Lexeo Therapeutics, Inc. - Common Stock"
LXRX,"Lexicon Pharmaceuticals, Inc. - Common Stock"
LYEL,"Lyell Immunopharma, Inc. - Common Stock"
LYRA,"Lyra Therapeutics, Inc. - Common Stock"
LYTS,LSI Industries Inc. - Common Stock
LZ,"LegalZoom.com, Inc. - Common Stock"
MAMA,"Mama's Creations, Inc. - Common Stock"
MAMO,Massimo Group - Common Stock
MANH,"Manhattan Associates, Inc. - Common Stock"
MARA,"MARA Holdings, Inc. - Common Stock"
MASI,Masimo Corporation - Common Stock
MASS,908 Devices Inc. - Common Stock
MAT,"Mattel, Inc. - Common Stock"
MAYS,"J. W. Mays, Inc. - Common Stock"
MAZE,"Maze Therapeutics, Inc. - Common Stock"
MBBC,"Marathon Bancorp, Inc. - Common Stock"
MBCN,Middlefield Banc Corp. - Common Stock
MBIN,Merchants Bancorp - Common Stock
MBIO,"Mustang Bio, Inc. - Common Stock"
MBOT,Microbot Medical Inc.  - Common Stock
MBRX,"Moleculin Biotech, Inc. - Common Stock"
MBUU,"Malibu Boats, Inc. - Common Stock"
MBWM,Mercantile Bank Corporation - Common Stock
MBX,"MBX Biosciences, Inc. - Common Stock"
MCBS,"MetroCity Bankshares, Inc. - Common Stock"
MCFT,"MasterCraft Boat Holdings, Inc. - Common Stock"
MCHP,Microchip Technology Incorporated - Common Stock
MCRB,"Seres Therapeutics, Inc. - Common Stock"
MCRI,"Monarch Casino & Resort, Inc. - Common Stock"
MCVT,"Mill City Ventures III, Ltd. - Common Stock"
MCW,"Mister Car Wash, Inc. - Common Stock"
MDCX,Medicus Pharma Ltd. - Common Stock
MDGL,"Madrigal Pharmaceuticals, Inc. - Common Stock"
MDRR,"Medalist Diversified REIT, Inc. - Common Stock"
MDXG,"MiMedx Group, Inc - Common Stock"
MEDP,"Medpace Holdings, Inc. - Common Stock"
MEIP,"MEI Pharma, Inc. - Common Stock"
MELI,"MercadoLibre, Inc. - Common Stock"
MEOH,Methanex Corporation - Common Stock
MERC,Mercer International Inc. - Common Stock
MESA,"Mesa Air Group, Inc. - Common Stock"
MFIN,Medallion Financial Corp. - Common Stock
MGEE,MGE Energy Inc. - Common Stock
MGNI,"Magnite, Inc. - Common Stock"
MGNX,"MacroGenics, Inc. - Common Stock"
MGPI,"MGP Ingredients, Inc. - Common Stock"
MGRC,McGrath RentCorp - Common Stock
MGRM,Monogram Technologies Inc. - Common Stock
MGRX,"Mangoceuticals, Inc. - Common Stock"
MGX,"Metagenomi, Inc. - Common Stock"
MGYR,"Magyar Bancorp, Inc. - Common Stock"
MIDD,The Middleby Corporation - Common Stock
MIGI,Mawson Infrastructure Group Inc. - Common Stock
MIND,"MIND Technology, Inc. - Common Stock"
MIRA,"MIRA Pharmaceuticals, Inc. - Common Stock"
MITK,"Mitek Systems, Inc. - Common Stock"
MKSI,MKS Inc. - Common Stock
MKTX,"MarketAxess Holdings, Inc. - Common Stock"
MKZR,"MacKenzie Realty Capital, Inc. - Common Stock"
MLAB,"Mesa Laboratories, Inc. - Common Stock"
MLKN,"MillerKnoll, Inc. - Common Stock"
MLYS,"Mineralys Therapeutics, Inc. - Common Stock"
MMSI,"Merit Medical Systems, Inc. - Common Stock"
MNKD,MannKind Corporation - Common Stock
MNOV,"MediciNova, Inc. - Common Stock"
MNPR,Monopar Therapeutics Inc. - Common Stock
MNRO,"Monro, Inc.  - Common Stock"
MNSB,"MainStreet Bancshares, Inc. - Common Stock"
MNST,Monster Beverage Corporation - Common Stock
MNTK,"Montauk Renewables, Inc. - Common Stock"
MODV,ModivCare Inc. - Common Stock
MOFG,"MidWestOne Financial Group, Inc. - Common Stock"
MORN,"Morningstar, Inc. - Common Stock"
MOVE,Movano Inc. - Common Stock
MPAA,"Motorcar Parts of America, Inc. - Common Stock"
MPB,Mid Penn Bancorp - Common Stock
MPWR,"Monolithic Power Systems, Inc. - Common Stock"
MRAM,"Everspin Technologies, Inc. - Common Stock"
MRBK,Meridian Corporation - Common Stock
MRCY,Mercury Systems Inc - Common Stock
MRKR,"Marker Therapeutics, Inc. - Common Stock"
MRNA,"Moderna, Inc. - Common Stock"
MRSN,"Mersana Therapeutics, Inc. - Common Stock"
MRTN,"Marten Transport, Ltd. - Common Stock"
MRVL,"Marvell Technology, Inc. - Common Stock"
MSAI,"MultiSensor AI Holdings, Inc. - Common Stock"
MSBI,"Midland States Bancorp, Inc. - Common Stock"
MSEX,Middlesex Water Company - Common Stock
MSFT,Microsoft Corporation - Common Stock
MTCH,"Match Group, Inc. - Common Stock"
MTEX,"Mannatech, Incorporated - Common Stock"
MTRX,Matrix Service Company - Common Stock
MTSI,"MACOM Technology Solutions Holdings, Inc. - Common Stock"
MTSR,"Metsera, Inc. - Common Stock"
MTVA,MetaVia Inc.  - Common Stock
MU,"Micron Technology, Inc. - Common Stock"
MULN,"Mullen Automotive, Inc. - Common Stock"
MVBF,MVB Financial Corp. - Common Stock
MVIS,"MicroVision, Inc. - Common Stock"
MVST,"Microvast Holdings, Inc. - Common Stock"
MXCT,"MaxCyte, Inc. - Common Stock"
MXL,"MaxLinear, Inc - Common Stock"
MYFW,"First Western Financial, Inc. - Common Stock"
MYGN,"Myriad Genetics, Inc. - Common Stock"
MYRG,"MYR Group, Inc. - Common Stock"
MYSZ,"My Size, Inc. - Common Stock"
MZTI,The Marzetti Company - Common Stock
NAGE,"Niagen Bioscience, Inc. - Common Stock"
NAII,"Natural Alternatives International, Inc. - Common Stock"
NAKA,"Kindly MD, Inc. - Common Stock"
NAOV,"NanoVibronix, Inc. - Common Stock"
NATH,"Nathan's Famous, Inc. - Common Stock"
NATR,"Nature's Sunshine Products, Inc. - Common Stock"
NAUT,"Nautilus Biotechnology, Inc. - Common Stock"
NAVI,Navient Corporation - Common Stock
NB,NioCorp Developments Ltd. - Common Stock
NBBK,"NB Bancorp, Inc. - Common Stock"
NBIX,"Neurocrine Biosciences, Inc. - Common Stock"
NBN,Northeast Bank - Common Stock
NBTB,NBT Bancorp Inc. - Common Stock
NCMI,"National CineMedia, Inc. - Common Stock"
NCNO,"nCino, Inc. - Common Stock"
NCPL,Netcapital Inc. - Common Stock
NCSM,"NCS Multistage Holdings, Inc. - Common Stock"
NDAQ,"Nasdaq, Inc. - Common Stock"
NDLS,Noodles & Company - Common Stock
NDRA,ENDRA Life Sciences Inc. - Common Stock
NDSN,Nordson Corporation - Common Stock
NECB,"NorthEast Community Bancorp, Inc. - Common Stock"
NEHC,New Era Helium Inc - Common Stock
NEO,"NeoGenomics, Inc. - Common Stock"
NEOG,Neogen Corporation - Common Stock
NEON,Neonode Inc. - Common Stock
NEOV,NeoVolta Inc. - Common Stock
NEPH,"Nephros, Inc. - Common Stock"
NERV,"Minerva Neurosciences, Inc - Common Stock"
NEUP,Neuphoria Therapeutics Inc. - Common Stock
NEWT,"NewtekOne, Inc. - Common Stock"
NEXT,NextDecade Corporation - Common Stock
NFBK,"Northfield Bancorp, Inc. - Common Stock"
NFLX,"Netflix, Inc. - Common Stock"
NGNE,Neurogene Inc. - Common Stock
NITO,"N2OFF, Inc. - Common Stock"
NIXX,"Nixxy, Inc. - Common Stock"
NKSH,"National Bankshares, Inc. - Common Stock"
NKTR,Nektar Therapeutics - Common Stock
NKTX,"Nkarta, Inc. - Common Stock"
NMFC,New Mountain Finance Corporation - Common Stock
NMIH,NMI Holdings Inc - Common Stock
NMRA,"Neumora Therapeutics, Inc. - Common Stock"
NMTC,NeuroOne Medical Technologies Corporation - Common Stock
NNBR,"NN, Inc. - Common Stock"
NODK,"NI Holdings, Inc. - Common Stock"
NOEM,CO2 Energy Transition Corp. - Common Stock
NOTV,"Inotiv, Inc. - Common Stock"
NPCE,"Neuropace, Inc. - Common Stock"
NRC,National Research Corporation - Common Stock
NRIM,Northrim BanCorp Inc - Common Stock
NRXP,"NRX Pharmaceuticals, Inc. - Common Stock"
NSIT,"Insight Enterprises, Inc. - Common Stock"
NSPR,InspireMD Inc. - Common Stock
NSSC,"NAPCO Security Technologies, Inc. - Common Stock"
NSTS,"NSTS Bancorp, Inc. - Common Stock"
NSYS,Nortech Systems Incorporated - Common Stock
NTAP,"NetApp, Inc. - Common Stock"
NTCT,"NetScout Systems, Inc. - Common Stock"
NTGR,"NETGEAR, Inc. - Common Stock"
NTHI,"NeOnc Technologies Holdings, Inc. - Common Stock"
NTIC,Northern Technologies International Corporation - Common Stock
NTLA,"Intellia Therapeutics, Inc. - Common Stock"
NTRA,"Natera, Inc. - Common Stock"
NTRB,Nutriband Inc. - Common Stock
NTRP,"NextTrip, Inc. - Common Stock"
NTRS,Northern Trust Corporation - Common Stock
NTWK,NETSOL Technologies Inc. - Common Stock
NUTX,Nutex Health Inc. - Common Stock
NUWE,"Nuwellis, Inc. - Common Stock"
NVAX,"Novavax, Inc. - Common Stock"
NVCT,"Nuvectis Pharma, Inc. - Common Stock"
NVDA,NVIDIA Corporation - Common Stock
NVEC,NVE Corporation - Common Stock
NVEE,"NV5 Global, Inc. - Common Stock"
NVFY,"Nova Lifestyle, Inc - Common Stock"
NVNO,enVVeno Medical Corporation - Common Stock
NVTS,Navitas Semiconductor Corporation - Common Stock
NVVE,Nuvve Holding Corp. - Common Stock
NWBI,"Northwest Bancshares, Inc. - Common Stock"
NWE,"NorthWestern Energy Group, Inc.  - Common Stock"
NWFL,Norwood Financial Corp. - Common Stock
NWL,Newell Brands Inc. - Common Stock
NWPX,"NWPX Infrastructure, Inc. - Common Stock"
NWTG,"Newton Golf Company, Inc. - Common Stock"
NXGL,"NexGel, Inc - Common Stock"
NXL,"Nexalin Technology, Inc. - Common Stock"
NXPI,NXP Semiconductors N.V. - Common Stock
NXPL,NextPlat Corp - Common Stock
NXST,"Nexstar Media Group, Inc. - Common Stock"
NXTC,"NextCure, Inc. - Common Stock"
NXXT,"NextNRG, Inc. - Common Stock"
NYMT,"New York Mortgage Trust, Inc. - Common Stock"
OABI,"OmniAb, Inc. - Common Stock"
OBLG,Oblong Inc. - Common Stock
OBT,"Orange County Bancorp, Inc. - Common Stock"
OCC,Optical Cable Corporation - Common Stock
OCFC,OceanFirst Financial Corp. - Common Stock
OCGN,"Ocugen, Inc. - Common Stock"
OCTO,Eightco Holdings Inc. - Common Stock
OCUL,"Ocular Therapeutix, Inc. - Common Stock"
ODFL,"Old Dominion Freight Line, Inc. - Common Stock"
ODP,The ODP Corporation - Common Stock
ODYS,Odysight.ai Inc. - Common Stock
OESX,"Orion Energy Systems, Inc. - Common Stock"
OFIX,Orthofix Medical Inc.  - Common Stock
OFLX,"Omega Flex, Inc. - Common Stock"
OLB,"The OLB Group, Inc. - Common Stock"
OLED,Universal Display Corporation - Common Stock
OLLI,"Ollie's Bargain Outlet Holdings, Inc. - Common Stock"
OLMA,"Olema Pharmaceuticals, Inc. - Common Stock"
OLPX,"Olaplex Holdings, Inc. - Common Stock"
OM,"Outset Medical, Inc. - Common Stock"
OMCC,Old Market Capital Corporation - Common Stock
OMCL,"Omnicell, Inc. - Common Stock"
OMDA,"Omada Health, Inc. - Common Stock"
OMER,Omeros Corporation - Common Stock
OMEX,"Odyssey Marine Exploration, Inc. - Common Stock"
ON,ON Semiconductor Corporation - Common Stock
ONB,Old National Bancorp - Common Stock
ONCO,"Onconetix, Inc.  - Common Stock"
ONDS,Ondas Holdings Inc. - Common Stock
ONFO,Onfolio Holdings Inc. - Common Stock
OP,OceanPal Inc. - Common Stock
OPBK,OP Bancorp - Common Stock
OPCH,"Option Care Health, Inc. - Common Stock"
OPEN,Opendoor Technologies Inc  - Common Stock
OPK,"Opko Health, Inc. - Common Stock"
OPOF,Old Point Financial Corporation - Common Stock
OPRX,OptimizeRx Corporation - Common Stock
OPXS,"Optex Systems Holdings, Inc. - Common Stock"
ORIC,"Oric Pharmaceuticals, Inc. - Common Stock"
ORKA,"Oruka Therapeutics, Inc. - Common Stock"
ORLY,"O'Reilly Automotive, Inc. - Common Stock"
ORMP,Oramed Pharmaceuticals Inc. - Common Stock
ORRF,"Orrstown Financial Services, Inc. - Common Stock"
OSBC,"Old Second Bancorp, Inc. - Common Stock"
OSIS,"OSI Systems, Inc. - Common Stock"
OSPN,OneSpan Inc. - Common Stock
OSRH,"OSR Holdings, Inc. - Common Stock"
OSS,"One Stop Systems, Inc. - Common Stock"
OSUR,"OraSure Technologies, Inc. - Common Stock"
OTLK,"Outlook Therapeutics, Inc. - Common Stock"
OTRK,"Ontrak, Inc. - Common Stock"
OTTR,Otter Tail Corporation - Common Stock
OUST,"Ouster, Inc. - Common Stock"
OVBC,Ohio Valley Banc Corp. - Common Stock
OVID,Ovid Therapeutics Inc. - Common Stock
OVLY,Oak Valley Bancorp (CA) - Common Stock
OZK,Bank OZK - Common Stock
PACB,"Pacific Biosciences of California, Inc. - Common Stock"
PAL,"Proficient Auto Logistics, Inc. - Common Stock"
PALI,"Palisade Bio, Inc. - Common Stock"
PAMT,PAMT CORP - Common Stock
PANL,Pangaea Logistics Solutions Ltd. - Common Stock
PANW,"Palo Alto Networks, Inc. - Common Stock"
PASG,"Passage Bio, Inc. - Common Stock"
PATK,"Patrick Industries, Inc. - Common Stock"
PAVM,PAVmed Inc. - Common Stock
PAYO,Payoneer Global Inc. - Common Stock
PAYS,"Paysign, Inc. - Common Stock"
PAYX,"Paychex, Inc. - Common Stock"
PBBK,"PB Bankshares, Inc. - Common Stock"
PBFS,"Pioneer Bancorp, Inc. - Common Stock"
PBHC,"Pathfinder Bancorp, Inc. - Common Stock"
PBPB,Potbelly Corporation - Common Stock
PBYI,Puma Biotechnology Inc - Common Stock
PCAR,PACCAR Inc. - Common Stock
PCB,PCB Bancorp - Common Stock
PCH,PotlatchDeltic Corporation - Common Stock
PCRX,"Pacira BioSciences, Inc. - Common Stock"
PCSA,"Processa Pharmaceuticals, Inc. - Common Stock"
PCTY,Paylocity Holding Corporation - Common Stock
PCVX,"Vaxcyte, Inc. - Common Stock"
PCYO,Pure Cycle Corporation - Common Stock
PDEX,"Pro-Dex, Inc. - Common Stock"
PDFS,"PDF Solutions, Inc. - Common Stock"
PDLB,"Ponce Financial Group, Inc. - Common Stock"
PDSB,PDS Biotechnology Corporation - Common Stock
PEBK,"Peoples Bancorp of North Carolina, Inc. - Common Stock"
PEBO,Peoples Bancorp Inc. - Common Stock
PECO,"Phillips Edison & Company, Inc. - Common Stock"
PEGA,Pegasystems Inc. - Common Stock
PENG,"Penguin Solutions, Inc. - Common Stock"
PENN,"PENN Entertainment, Inc. - Common Stock"
PEP,"PepsiCo, Inc. - Common Stock"
PEPG,PepGen Inc. - Common Stock
PESI,"Perma-Fix Environmental Services, Inc. - Common Stock"
PET,Wag! Group Co. - Common Stock
PETS,"PetMed Express, Inc. - Common Stock"
PFBC,Preferred Bank - Common Stock
PFG,Principal Financial Group Inc - Common Stock
PFIS,Peoples Financial Services Corp.  - Common Stock
PFX,PhenixFIN Corporation  - Common Stock
PGC,Peapack-Gladstone Financial Corporation - Common Stock
PGEN,"Precigen, Inc. - Common Stock"
PGNY,"Progyny, Inc. - Common Stock"
PHAT,"Phathom Pharmaceuticals, Inc. - Common Stock"
PHIO,Phio Pharmaceuticals Corp. - Common Stock
PHLT,"Performant Healthcare, Inc. - Common Stock"
PHUN,"Phunware, Inc. - Common Stock"
PI,"Impinj, Inc. - Common Stock"
PKBK,"Parke Bancorp, Inc. - Common Stock"
PKOH,Park-Ohio Holdings Corp. - Common Stock
PLAB,"Photronics, Inc. - Common Stock"
PLAY,"Dave & Buster's Entertainment, Inc. - Common Stock"
PLBC,Plumas Bancorp - Common Stock
PLBY,"Playboy, Inc. - Common Stock"
PLCE,"Children's Place, Inc. (The) - Common Stock"
PLL,Piedmont Lithium Inc.   - Common Stock
PLPC,Preformed Line Products Company - Common Stock
PLRX,"Pliant Therapeutics, Inc. - Common Stock"
PLSE,"Pulse Biosciences, Inc - Common Stock"
PLTK,Playtika Holding Corp. - Common Stock
PLUG,"Plug Power, Inc. - Common Stock"
PLUR,Pluri Inc. - Common Stock
PLUS,ePlus inc. - Common Stock
PLXS,Plexus Corp. - Common Stock
PMCB,"PharmaCyte  Biotech, Inc. - Common Stock"
PMTS,CPI Card Group Inc. - Common Stock
PMVP,"PMV Pharmaceuticals, Inc. - Common Stock"
PNBK,Patriot National Bancorp Inc. - Common Stock
PNFP,"Pinnacle Financial Partners, Inc. - Common Stock"
PNRG,PrimeEnergy Resources Corporation - Common Stock
PNTG,"The Pennant Group, Inc. - Common Stock"
POAI,Predictive Oncology Inc. - Common Stock
PODC,"PodcastOne, Inc. - Common Stock"
PODD,Insulet Corporation - Common Stock
POLA,"Polar Power, Inc. - Common Stock"
POOL,Pool Corporation - Common Stock
POWI,"Power Integrations, Inc. - Common Stock"
POWL,"Powell Industries, Inc. - Common Stock"
POWW,Outdoor Holding Company - Common Stock
PPBI,Pacific Premier Bancorp Inc - Common Stock
PPC,Pilgrim's Pride Corporation - Common Stock
PPIH,"Perma-Pipe International Holdings, Inc. - Common Stock"
PPSI,"Pioneer Power Solutions, Inc. - Common Stock"
PRAA,"PRA Group, Inc. - Common Stock"
PRAX,"Praxis Precision Medicines, Inc. - Common Stock"
PRCH,"Porch Group, Inc. - Common Stock"
PRCT,PROCEPT BioRobotics Corporation - Common Stock
PRDO,Perdoceo Education Corporation - Common Stock
PRGS,Progress Software Corporation - Common Stock
PRLD,Prelude Therapeutics Incorporated - Common Stock
PRME,"Prime Medicine, Inc. - Common Stock"
PROP,Prairie Operating Co. - Common Stock
PROV,"Provident Financial Holdings, Inc. - Common Stock"
PRPH,"ProPhase Labs, Inc. - Common Stock"
PRPL,"Purple Innovation, Inc. - Common Stock"
PRPO,"Precipio, Inc. - Common Stock"
PRSO,Peraso Inc. - Common Stock
PRTG,Portage Biotech Inc. - Common Stock
PRTH,"Priority Technology Holdings, Inc. - Common Stock"
PRTS,"CarParts.com, Inc. - Common Stock"
PRVA,"Privia Health Group, Inc. - Common Stock"
PSIX,"Power Solutions International, Inc. - Common Stock"
PSMT,"PriceSmart, Inc. - Common Stock"
PSNL,"Personalis, Inc. - Common Stock"
PSTV,"PLUS THERAPEUTICS, Inc. - Common Stock"
PTC,PTC Inc. - Common Stock
PTCT,"PTC Therapeutics, Inc. - Common Stock"
PTEN,"Patterson-UTI Energy, Inc. - Common Stock"
PTGX,"Protagonist Therapeutics, Inc. - Common Stock"
PTIX,"Protagenic Therapeutics, Inc. - Common Stock"
PTON,"Peloton Interactive, Inc. - Common Stock"
PULM,"Pulmatrix, Inc. - Common Stock"
PVBC,"Provident Bancorp, Inc. - Common Stock"
PVLA,"Palvella Therapeutics, Inc. - Common Stock"
PWOD,"Penns Woods Bancorp, Inc. - Common Stock"
PXLW,"Pixelworks, Inc. - Common Stock"
PXS,Pyxis Tankers Inc. - Common Stock
PYPL,"PayPal Holdings, Inc. - Common Stock"
PYXS,"Pyxis Oncology, Inc. - Common Stock"
PZZA,"Papa John's International, Inc. - Common Stock"
QCOM,QUALCOMM Incorporated - Common Stock
QCRH,"QCR Holdings, Inc. - Common Stock"
QDEL,QuidelOrtho Corporation - Common Stock
QETA,Quetta Acquisition Corporation - Common Stock
QLGN,"Qualigen Therapeutics, Inc. - Common Stock"
QLYS,"Qualys, Inc. - Common Stock"
QMCO,Quantum Corporation - Common Stock
QNCX,"Quince Therapeutics, Inc. - Common Stock"
QNST,"QuinStreet, Inc. - Common Stock"
QRHC,Quest Resource Holding Corporation - Common Stock
QRVO,"Qorvo, Inc. - Common Stock"
QTRX,Quanterix Corporation - Common Stock
QTTB,Q32 Bio Inc. - Common Stock
QUBT,Quantum Computing Inc. - Common Stock
QUIK,QuickLogic Corporation - Common Stock
RAIL,"Freightcar America, Inc. - Common Stock"
RAPP,"Rapport Therapeutics, Inc. - Common Stock"
RAPT,"RAPT Therapeutics, Inc. - Common Stock"
RARE,Ultragenyx Pharmaceutical Inc. - Common Stock
RAVE,"Rave Restaurant Group, Inc. - Common Stock"
RBB,RBB Bancorp - Common Stock
RBBN,Ribbon Communications Inc.  - Common Stock
RBKB,"Rhinebeck Bancorp, Inc. - Common Stock"
RBNE,Robin Energy Ltd. - Common Stock
RCAT,"Red Cat Holdings, Inc. - Common Stock"
RCEL,"Avita Medical, Inc. - Common Stock"
RCKT,"Rocket Pharmaceuticals, Inc. - Common Stock"
RCKY,"Rocky Brands, Inc. - Common Stock"
RCMT,"RCM Technologies, Inc. - Common Stock"
RDNT,"RadNet, Inc. - Common Stock"
RDVT,"Red Violet, Inc. - Common Stock "
REAL,"The RealReal, Inc. - Common Stock"
REBN,"Reborn Coffee, Inc. - Common Stock"
REFI,"Chicago Atlantic Real Estate Finance, Inc. - Common Stock"
REFR,Research Frontiers Incorporated - Common Stock
REG,Regency Centers Corporation - Common Stock
REGN,"Regeneron Pharmaceuticals, Inc. - Common Stock"
REKR,"Rekor Systems, Inc. - Common Stock"
RELI,"Reliance Global Group, Inc. - Common Stock"
RELL,"Richardson Electronics, Ltd. - Common Stock"
RENB,Renovaro Inc. - Common Stock
REPL,"Replimune Group, Inc. - Common Stock"
REVB,"Revelation Biosciences, Inc. - Common Stock"
REYN,Reynolds Consumer Products Inc. - Common Stock
RFIL,"RF Industries, Ltd. - Common Stock"
RGCO,RGC Resources Inc. - Common Stock
RGEN,Repligen Corporation - Common Stock
RGLD,"Royal Gold, Inc. - Common Stock"
RGNX,REGENXBIO Inc. - Common Stock
RGP,"Resources Connection, Inc. - Common Stock"
RGS,Regis Corporation - Common Stock
RHLD,Resolute Holdings Management - Common Stock
RICK,"RCI Hospitality Holdings, Inc. - Common Stock"
RIGL,"Rigel Pharmaceuticals, Inc. - Common Stock"
RILY,"B. Riley Financial, Inc. - Common Stock"
RIME,"Algorhythm Holdings, Inc. - Common Stock"
RIOT,"Riot Platforms, Inc. - Common Stock"
RKDA,"Arcadia Biosciences, Inc. - Common Stock"
RKLB,Rocket Lab Corporation - Common Stock
RLAY,"Relay Therapeutics, Inc. - Common Stock"
RLMD,"Relmada Therapeutics, Inc. - Common Stock"
RLYB,Rallybio Corporation - Common Stock
RMBI,"Richmond Mutual Bancorporation, Inc. - Common Stock"
RMBS,"Rambus, Inc. - Common Stock"
RMCF,"Rocky Mountain Chocolate Factory, Inc. - Common Stock"
RMNI,"Rimini Street, Inc. - Common Stock"
RMTI,"Rockwell Medical, Inc. - Common Stock"
RNA,"Avidity Biosciences, Inc. - Common Stock"
RNAC,"Cartesian Therapeutics, Inc. - Common Stock"
RNAZ,"TransCode Therapeutics, Inc. - Common Stock"
RNTX,"Rein Therapeutics, Inc. - Common Stock"
RNXT,"RenovoRx, Inc. - Common Stock"
ROAD,"Construction Partners, Inc. - Common Stock"
ROCK,"Gibraltar Industries, Inc. - Common Stock"
ROOT,"Root, Inc. - Common Stock"
ROP,"Roper Technologies, Inc. - Common Stock"
ROST,"Ross Stores, Inc. - Common Stock"
RPD,"Rapid7, Inc. - Common Stock"
RRBI,"Red River Bancshares, Inc. - Common Stock"
RRGB,"Red Robin Gourmet Burgers, Inc. - Common Stock"
RSLS,"ReShape Lifesciences, Inc. - Common Stock"
RSSS,"Research Solutions, Inc - Common Stock"
RSVR,"Reservoir Media, Inc.. - Common Stock"
RUN,Sunrun Inc. - Common Stock
RVMD,"Revolution Medicines, Inc. - Common Stock"
RVPH,"Reviva Pharmaceuticals Holdings, Inc. - Common Stock"
RVSB,Riverview Bancorp Inc - Common Stock
RVYL,Ryvyl Inc. - Common Stock
RWAY,Runway Growth Finance Corp. - Common Stock
RXST,"RxSight, Inc. - Common Stock"
RXT,"Rackspace Technology, Inc. - Common Stock"
RYTM,"Rhythm Pharmaceuticals, Inc. - Common Stock"
SABR,Sabre Corporation - Common Stock
SABS,"SAB Biotherapeutics, Inc. - Common Stock"
SAFT,"Safety Insurance Group, Inc. - Common Stock"
SAGE,"Sage Therapeutics, Inc. - Common Stock"
SAIA,"Saia, Inc. - Common Stock"
SAIC,Science Applications International Corporation - Common Stock
SAIL,"SailPoint, Inc. - Common Stock"
SAMG,Silvercrest Asset Management Group Inc. - Common Stock
SANA,"Sana Biotechnology, Inc. - Common Stock"
SANM,Sanmina Corporation - Common Stock
SANW,S&W Seed Company - Common Stock
SAVA,"Cassava Sciences, Inc. - Common Stock"
SBC,SBC Medical Group Holdings Incorporated - Common Stock
SBCF,Seacoast Banking Corporation of Florida - Common Stock
SBET,"SharpLink Gaming, Inc. - Common Stock"
SBFG,"SB Financial Group, Inc. - Common Stock"
SBRA,"Sabra Health Care REIT, Inc. - Common Stock"
SBUX,Starbucks Corporation - Common Stock
SCHL,Scholastic Corporation - Common Stock
SCKT,"Socket Mobile, Inc. - Common Stock"
SCLX,Scilex Holding Company - Common Stock
SCNX,"Scienture Holdings, Inc. - Common Stock"
SCOR,"comScore, Inc. - Common Stock"
SCPH,scPharmaceuticals Inc. - Common Stock
SCSC,"ScanSource, Inc. - Common Stock"
SCVL,"Shoe Carnival, Inc. - Common Stock"
SCYX,"SCYNEXIS, Inc. - Common Stock"
SDGR,"Schrodinger, Inc. - Common Stock"
SDOT,Sadot Group Inc. - Common Stock
SDST,Stardust Power Inc. - Common Stock
SEDG,"SolarEdge Technologies, Inc. - Common Stock"
SEGG,"Lottery.com, Inc. - Common Stock"
SEIC,SEI Investments Company - Common Stock
SELF,"Global Self Storage, Inc. - Common Stock"
SEPN,"Septerna, Inc. - Common Stock"
SERV,Serve Robotics Inc. - Common Stock
SEVN,Seven Hills Realty Trust  - Common Stock
SEZL,Sezzle Inc. - Common Stock
SFBC,"Sound Financial Bancorp, Inc. - Common Stock"
SFD,"Smithfield Foods, Inc. - Common Stock"
SFM,"Sprouts Farmers Market, Inc. - Common Stock"
SFNC,Simmons First National Corporation - Common Stock
SFST,"Southern First Bancshares, Inc. - Common Stock"
SGBX,Safe & Green Holdings Corp. - Common Stock
SGC,"Superior Group of Companies, Inc. - Common Stock"
SGD,Safe and Green Development Corporation - Common Stock
SGHT,"Sight Sciences, Inc. - Common Stock"
SGLY,Singularity Future Technology Ltd. - Common Stock
SGMA,"SigmaTron International, Inc. - Common Stock"
SGMO,"Sangamo Therapeutics, Inc. - Common Stock"
SGRP,"SPAR Group, Inc. - Common Stock"
SGRY,"Surgery Partners, Inc. - Common Stock"
SHBI,"Shore Bancshares, Inc. - Common Stock"
SHC,Sotera Health Company - Common Stock
SHEN,Shenandoah Telecommunications Co - Common Stock
SHIM,Shimmick Corporation - Common Stock
SHIP,Seanergy Maritime Holdings Corp. - Common Stock
SHOO,"Steven Madden, Ltd. - Common Stock"
SHOT,"Safety Shot, Inc. - Common Stock"
SIBN,"SI-BONE, Inc. - Common Stock"
SIEB,Siebert Financial Corp. - Common Stock
SIGA,SIGA Technologies Inc. - Common Stock
SIGI,"Selective Insurance Group, Inc. - Common Stock"
SILO,"Silo Pharma, Inc. - Common Stock"
SINT,"SiNtx Technologies, Inc. - Common Stock"
SION,"Sionna Therapeutics, Inc. - Common Stock"
SIRI,SiriusXM Holdings Inc. - Common Stock
SISI,"Shineco, Inc. - Common Stock"
SITM,SiTime Corporation - Common Stock
SKWD,"Skyward Specialty Insurance Group, Inc. - Common Stock"
SKYE,"Skye Bioscience, Inc. - Common Stock"
SKYQ,Sky Quarry Inc. - Common Stock
SKYT,"SkyWater Technology, Inc. - Common Stock"
SKYW,"SkyWest, Inc. - Common Stock"
SKYX,SKYX Platforms Corp. - Common Stock
SLAB,"Silicon Laboratories, Inc. - Common Stock"
SLDB,Solid Biosciences Inc. - Common Stock
SLDE,"Slide Insurance Holdings, Inc. - Common Stock"
SLE,"Super League Enterprise, Inc. - Common Stock"
SLM,SLM Corporation - Common Stock
SLNG,"Stabilis Solutions, Inc. - Common Stock"
SLNH,"Soluna Holdings, Inc. - Common Stock"
SLNO,"Soleno Therapeutics, Inc. - Common Stock"
SLP,"Simulations Plus, Inc. - Common Stock"
SLRX,"Salarius Pharmaceuticals, Inc. - Common Stock"
SLS,"SELLAS Life Sciences Group, Inc.  - Common Stock"
SMBC,"Southern Missouri Bancorp, Inc. - Common Stock"
SMCI,"Super Micro Computer, Inc. - Common Stock"
SMID,Smith-Midland Corporation - Common Stock
SMLR,"Semler Scientific, Inc. - Common Stock"
SMMT,Summit Therapeutics Inc.  - Common Stock
SMPL,The Simply Good Foods Company - Common Stock
SMSI,"Smith Micro Software, Inc. - Common Stock"
SMTC,Semtech Corporation - Common Stock
SMTI,Sanara MedTech Inc. - Common Stock
SMTK,"SmartKem, Inc. - Common Stock"
SMXT,Solarmax Technology Inc. - Common Stock
SNBR,Sleep Number Corporation - Common Stock
SNCR,"Synchronoss Technologies, Inc. - Common Stock"
SNCY,"Sun Country Airlines Holdings, Inc. - Common Stock"
SND,"Smart Sand, Inc. - Common Stock"
SNDK,Sandisk Corporation - Common Stock
SNDX,"Syndax Pharmaceuticals, Inc. - Common Stock"
SNES,"SenesTech, Inc. - Common Stock"
SNEX,StoneX Group Inc. - Common Stock
SNGX,"Soligenix, Inc. - Common Stock"
SNOA,"Sonoma Pharmaceuticals, Inc. - Common Stock"
SNPS,"Synopsys, Inc. - Common Stock"
SNSE,"Sensei Biotherapeutics, Inc. - Common Stock"
SNTI,"Senti Biosciences, Inc.  - Common Stock"
SNWV,"SANUWAVE Health, Inc. - Common Stock"
SNYR,Synergy CHC Corp. - Common Stock
SOBR,"SOBR Safe, Inc. - Common Stock"
SOFI,"SoFi Technologies, Inc.  - Common Stock"
SOHO,Sotherly Hotels Inc. - Common Stock
SONM,"Sonim Technologies, Inc. - Common Stock"
SONN,"Sonnet BioTherapeutics Holdings, Inc. - Common Stock"
SONO,"Sonos, Inc. - Common Stock"
SOPA,Society Pass Incorporated - Common Stock
SOTK,Sono-Tek Corporation - Common Stock
SOWG,Sow Good Inc. - Common Stock
SPAI,Safe Pro Group Inc. - Common Stock
SPFI,"South Plains Financial, Inc. - Common Stock"
SPOK,"Spok Holdings, Inc. - Common Stock"
SPRO,"Spero Therapeutics, Inc. - Common Stock"
SPRY,"ARS Pharmaceuticals, Inc. - Common Stock"
SPSC,"SPS Commerce, Inc. - Common Stock"
SPTN,SpartanNash Company - Common Stock
SPWH,"Sportsman's Warehouse Holdings, Inc. - Common Stock"
SPWR,"Complete Solaria, Inc. - Common Stock"
SRCE,1st Source Corporation - Common Stock
SRDX,"Surmodics, Inc. - Common Stock"
SRM,"SRM Entertainment, Inc. - Common Stock"
SRPT,"Sarepta Therapeutics, Inc. - Common Stock"
SRRK,Scholar Rock Holding Corporation - Common Stock
SRTS,"Sensus Healthcare, Inc. - Common Stock"
SRZN,"Surrozen, Inc. - Common Stock"
SSBI,Summit State Bank - Common Stock
SSII,SS Innovations International Inc. - Common Stock
SSKN,"Strata Skin Sciences, Inc. - Common Stock"
SSNC,"SS&C Technologies Holdings, Inc. - Common Stock"
SSRM,SSR Mining Inc. - Common Stock
SSTI,"SoundThinking, Inc. - Common Stock"
SSYS,"Stratasys, Ltd. - Common Stock"
STAA,STAAR Surgical Company - Common Stock
STBA,"S&T Bancorp, Inc. - Common Stock"
STI,"Solidion Technology, Inc. - Common Stock"
STIM,"Neuronetics, Inc. - Common Stock"
STKL,"SunOpta, Inc. - Common Stock"
STKS,"The ONE Group Hospitality, Inc. - Common Stock"
STLD,"Steel Dynamics, Inc. - Common Stock"
STOK,"Stoke Therapeutics, Inc. - Common Stock"
STRA,"Strategic Education, Inc. - Common Stock"
STRL,"Sterling Infrastructure, Inc. - Common Stock"
STRM,"Streamline Health Solutions, Inc. - Common Stock"
STRO,"Sutro Biopharma, Inc. - Common Stock"
STRR,"Star Equity Holdings, Inc. - Common Stock"
STRS,Stratus Properties Inc. - Common Stock
STRT,STRATTEC SECURITY CORPORATION - Common Stock
STSS,Sharps Technology Inc. - Common Stock
STTK,"Shattuck Labs, Inc. - Common Stock"
SUNE,"SUNation Energy, Inc. - Common Stock"
SUNS,"Sunrise Realty Trust, Inc. - Common Stock"
SUPN,"Supernus Pharmaceuticals, Inc. - Common Stock"
SURG,"SurgePays, Inc. - Common Stock"
SUUN,SolarBank Corporation - Common Stock
SVCO,"Silvaco Group, Inc. - Common Stock"
SVRA,"Savara, Inc. - Common Stock"
SWAG,"Stran & Company, Inc. - Common Stock"
SWBI,"Smith & Wesson Brands, Inc. - Common Stock"
SWIM,"Latham Group, Inc. - Common Stock"
SWKH,SWK Holdings Corporation - Common Stock
SWKS,"Skyworks Solutions, Inc. - Common Stock"
SXTC,"China SXT Pharmaceuticals, Inc. - Common Stock"
SXTP,"60 Degrees Pharmaceuticals, Inc. - Common Stock"
SYBT,"Stock Yards Bancorp, Inc. - Common Stock"
SYBX,"Synlogic, Inc. - Common Stock"
SYNA,Synaptics Incorporated - Common Stock
SYPR,"Sypris Solutions, Inc. - Common Stock"
SYRE,"Spyre Therapeutics, Inc. - Common Stock"
TACT,TransAct Technologies Incorporated - Common Stock
TALK,"Talkspace, Inc. - Common Stock"
TAOX,Tao Synergies Inc. - Common Stock
TARA,"Protara Therapeutics, Inc.  - Common Stock"
TARS,"Tarsus Pharmaceuticals, Inc. - Common Stock"
TAYD,"Taylor Devices, Inc. - Common Stock"
TBBK,"The Bancorp, Inc. - Common Stock"
TBCH,Turtle Beach Corporation - Common Stock
TBH,"Brag House Holdings, Inc. - Common Stock"
TBRG,"TruBridge, Inc. - Common Stock"
TCBI,"Texas Capital Bancshares, Inc. - Common Stock"
TCBK,TriCo Bancshares - Common Stock
TCBS,"Texas Community Bancshares, Inc. - Common Stock"
TCBX,"Third Coast Bancshares, Inc. - Common Stock"
TCMD,"Tactile Systems Technology, Inc. - Common Stock"
TCRT,"Alaunos Therapeutics, Inc. - Common Stock"
TCRX,"TScan Therapeutics, Inc. - Common Stock"
TCX,Tucows Inc. - Common Stock
TEAD,Teads Holding Co. - Common Stock
TECH,Bio-Techne Corp - Common Stock
TECX,"Tectonic Therapeutic, Inc. - Common Stock"
TELO,"Telomir Pharmaceuticals, Inc. - Common Stock"
TENB,"Tenable Holdings, Inc. - Common Stock"
TENX,"Tenax Therapeutics, Inc. - Common Stock"
TER,"Teradyne, Inc. - Common Stock"
TERN,"Terns Pharmaceuticals, Inc. - Common Stock"
TFIN,"Triumph Financial, Inc. - Common Stock"
TFSL,TFS Financial Corporation - Common Stock
TGL,Treasure Global Inc. - Common Stock
TGTX,"TG Therapeutics, Inc. - Common Stock"
TH,Target Hospitality Corp. - Common Stock
THAR,"Tharimmune, Inc. - Common Stock"
THFF,First Financial Corporation  - Common Stock
THRD,"Third Harmonic Bio, Inc. - Common Stock"
THRM,Gentherm Inc - Common Stock
THRY,"Thryv Holdings, Inc. - Common Stock"
TIGO,Millicom International Cellular S.A. - Common Stock
TIL,"Instil Bio, Inc. - Common Stock"
TILE,"Interface, Inc. - Common Stock"
TIPT,Tiptree Inc. - Common Stock
TITN,Titan Machinery Inc. - Common Stock
TKNO,"Alpha Teknova, Inc. - Common Stock"
TLN,Talen Energy Corporation - Common Stock
TLPH,"Talphera, Inc. - Common Stock"
TLRY,"Tilray Brands, Inc. - Common Stock"
TLS,Telos Corporation - Common Stock
TLSI,"TriSalus Life Sciences, Inc. - Common Stock"
TMC,TMC the metals company Inc. - Common Stock
TMCI,"Treace Medical Concepts, Inc. - Common Stock"
TMDX,"TransMedics Group, Inc. - Common Stock"
TMUS,"T-Mobile US, Inc. - Common Stock"
TNDM,"Tandem Diabetes Care, Inc. - Common Stock"
TNFA,"TNF Pharmaceuticals, Inc.  - Common Stock"
TNGX,"Tango Therapeutics, Inc. - Common Stock"
TNON,"Tenon Medical, Inc. - Common Stock"
TNXP,Tonix Pharmaceuticals Holding Corp. - Common Stock
TNYA,"Tenaya Therapeutics, Inc. - Common Stock"
TOI,"The Oncology Institute, Inc. - Common Stock"
TOMZ,"TOMI Environmental Solutions, Inc. - Common Stock"
TOWN,Towne Bank - Common Stock
TPIC,"TPI Composites, Inc. - Common Stock"
TPST,"Tempest Therapeutics, Inc. - Common Stock"
TRAW,"Traws Pharma, Inc. - Common Stock"
TRDA,"Entrada Therapeutics, Inc. - Common Stock"
TREE,"LendingTree, Inc. - Common Stock"
TRIN,Trinity Capital Inc. - Common Stock
TRIP,"TripAdvisor, Inc. - Common Stock"
TRMB,Trimble Inc. - Common Stock
TRMK,Trustmark Corporation - Common Stock
TRML,"Tourmaline Bio, Inc.  - Common Stock"
TRNR,Interactive Strength Inc. - Common Stock
TRNS,"Transcat, Inc. - Common Stock"
TROW,"T. Rowe Price Group, Inc. - Common Stock"
TRS,TriMas Corporation - Common Stock
TRST,TrustCo Bank Corp NY - Common Stock
TRUE,"TrueCar, Inc. - Common Stock"
TRUP,"Trupanion, Inc. - Common Stock"
TRVI,"Trevi Therapeutics, Inc. - Common Stock"
TSBK,"Timberland Bancorp, Inc. - Common Stock"
TSBX,Turnstone Biologics Corp. - Common Stock
TSCO,Tractor Supply Company - Common Stock
TSHA,"Taysha Gene Therapies, Inc. - Common Stock"
TSLA,"Tesla, Inc.  - Common Stock"
TSSI,"TSS, Inc. - Common Stock"
TTEC,"TTEC Holdings, Inc. - Common Stock"
TTEK,"Tetra Tech, Inc. - Common Stock"
TTGT,"TechTarget, Inc. - Common Stock"
TTMI,"TTM Technologies, Inc. - Common Stock"
TTNP,"Titan Pharmaceuticals, Inc. - Common Stock"
TTSH,"Tile Shop Holdings, Inc. - Common Stock"
TTWO,"Take-Two Interactive Software, Inc. - Common Stock"
TUSK,"Mammoth Energy Services, Inc. - Common Stock"
TVGN,Tevogen Bio Holdings Inc. - Common Stock
TVRD,"Tvardi Therapeutics, Inc. - Common Stock"
TVTX,"Travere Therapeutics, Inc. - Common Stock"
TWFG,"TWFG, Inc. - Common Stock"
TWIN,"Twin Disc, Incorporated - Common Stock"
TWST,Twist Bioscience Corporation - Common Stock
TXG,"10x Genomics, Inc. - Common Stock"
TXMD,"TherapeuticsMD, Inc. - Common Stock"
TXN,Texas Instruments Incorporated - Common Stock
TXRH,"Texas Roadhouse, Inc. - Common Stock"
TYGO,"Tigo Energy, Inc. - Common Stock"
TYRA,"Tyra Biosciences, Inc. - Common Stock"
TZOO,Travelzoo - Common Stock
TZUP,Thumzup Media Corporation - Common Stock
UAL,"United Airlines Holdings, Inc. - Common Stock"
UBCP,"United Bancorp, Inc. - Common Stock"
UBFO,United Security Bancshares - Common Stock
UBSI,"United Bankshares, Inc. - Common Stock"
UCTT,"Ultra Clean Holdings, Inc. - Common Stock"
UDMY,"Udemy, Inc. - Common Stock"
UEIC,Universal Electronics Inc. - Common Stock
UFCS,"United Fire Group, Inc - Common Stock"
UFPI,"UFP Industries, Inc. - Common Stock"
UFPT,"UFP Technologies, Inc. - Common Stock"
UG,"United-Guardian, Inc. - Common Stock"
UGRO,"urban-gro, Inc. - Common Stock"
ULBI,Ultralife Corporation - Common Stock
ULCC,"Frontier Group Holdings, Inc. - Common Stock"
ULH,"Universal Logistics Holdings, Inc. - Common Stock"
ULTA,"Ulta Beauty, Inc. - Common Stock"
ULY,Urgent.ly Inc. - Common Stock
UMBF,UMB Financial Corporation - Common Stock
UNB,"Union Bankshares, Inc. - Common Stock"
UNCY,"Unicycive Therapeutics, Inc. - Common Stock"
UNIT,Uniti Group Inc. - Common Stock
UNTY,"Unity Bancorp, Inc. - Common Stock"
UPB,"Upstream Bio, Inc. - Common Stock"
UPBD,"Upbound Group, Inc. - Common Stock"
UPLD,"Upland Software, Inc. - Common Stock"
UPWK,Upwork Inc. - Common Stock
UPXI,"Upexi, Inc. - Common Stock"
URBN,"Urban Outfitters, Inc. - Common Stock"
UROY,Uranium Royalty Corp. - Common Stock
USAR,"USA Rare Earth, Inc. - Common Stock"
USAU,U.S. Gold Corp. - Common Stock
USEA,United Maritime Corporation - Common Stock
USEG,U.S. Energy Corp. - Common Stock
USIO,"Usio, Inc. - Common Stock"
USLM,"United States Lime & Minerals, Inc. - Common Stock"
UTHR,United Therapeutics Corporation - Common Stock
UTMD,"Utah Medical Products, Inc. - Common Stock"
UVSP,Univest Financial Corporation - Common Stock
VABK,Virginia National Bankshares Corporation - Common Stock
VALU,"Value Line, Inc. - Common Stock"
VANI,"Vivani Medical, Inc.  - Common Stock"
VAPE,CEA Industries Inc. - Common Stock
VBIX,Viewbix Inc. - Common Stock 
VBTX,"Veritex Holdings, Inc. - Common Stock"
VC,Visteon Corporation - Common Stock
VCEL,Vericel Corporation - Common Stock
VCTR,"Victory Capital Holdings, Inc. - Common Stock"
VCYT,"Veracyte, Inc. - Common Stock"
VECO,Veeco Instruments Inc. - Common Stock
VEEA,Veea Inc. - Common Stock
VEEE,Twin Vee PowerCats Co. - Common Stock
VERB,"Verb Technology Company, Inc. - Common Stock"
VERI,"Veritone, Inc. - Common Stock"
VERO,Venus Concept Inc.  - Common Stock
VERU,Veru Inc. - Common Stock
VERV,"Verve Therapeutics, Inc. - Common Stock"
VIAV,Viavi Solutions Inc. - Common Stock
VICR,Vicor Corporation - Common Stock
VIGL,"Vigil Neuroscience, Inc. - Common Stock"
VIR,"Vir Biotechnology, Inc. - Common Stock"
VIRC,Virco Manufacturing Corporation - Common Stock
VITL,"Vital Farms, Inc. - Common Stock"
VIVK,"Vivakor, Inc. - Common Stock"
VIVS,"VivoSim Labs, Inc. - Common Stock"
VKTX,"Viking Therapeutics, Inc. - Common Stock"
VLY,Valley National Bancorp - Common Stock
VMEO,"Vimeo, Inc. - Common Stock"
VNDA,Vanda Pharmaceuticals Inc. - Common Stock
VOR,Vor Biopharma Inc. - Common Stock
VRA,"Vera Bradley, Inc. - Common Stock"
VRAR,"The Glimpse Group, Inc. - Common Stock"
VRCA,Verrica Pharmaceuticals Inc. - Common Stock
VRDN,"Viridian Therapeutics, Inc.  - Common Stock"
VREX,Varex Imaging Corporation - Common Stock
VRM,"Vroom, Inc. - Common Stock"
VRME,"VerifyMe, Inc. - Common Stock"
VRNS,"Varonis Systems, Inc. - Common Stock"
VRNT,Verint Systems Inc. - Common Stock
VRSK,"Verisk Analytics, Inc. - Common Stock"
VRSN,"VeriSign, Inc. - Common Stock"
VRTX,Vertex Pharmaceuticals Incorporated - Common Stock
VS,Versus Systems Inc. - Common Stock
VSAT,"ViaSat, Inc. - Common Stock"
VSEC,VSE Corporation - Common Stock
VSEE,"VSee Health, Inc. - Common Stock"
VSTM,"Verastem, Inc. - Common Stock"
VTGN,"Vistagen Therapeutics, Inc. - Common Stock"
VTRS,Viatris Inc. - Common Stock
VTSI,"VirTra, Inc. - Common Stock"
VTYX,"Ventyx Biosciences, Inc. - Common Stock"
VUZI,Vuzix Corporation  - Common Stock
VVOS,"Vivos Therapeutics, Inc. - Common Stock"
VYGR,"Voyager Therapeutics, Inc. - Common Stock"
VYNE,VYNE Therapeutics Inc. - Common Stock
WABC,Westamerica Bancorporation - Common Stock
WAFD,"WaFd, Inc. - Common Stock"
WASH,"Washington Trust Bancorp, Inc. - Common Stock"
WATT,Energous Corporation - Common Stock
WAY,Waystar Holding Corp. - Common Stock
WBA,"Walgreens Boots Alliance, Inc. - Common Stock"
WDC,Western Digital Corporation - Common Stock
WDFC,WD-40 Company - Common Stock
WEN,Wendy's Company (The) - Common Stock
WERN,"Werner Enterprises, Inc. - Common Stock"
WEST,Westrock Coffee Company - Common Stock
WETH,Wetouch Technology Inc. - Common Stock
WEYS,"Weyco Group, Inc. - Common Stock"
WFCF,"Where Food Comes From, Inc. - Common Stock"
WGRX,"Wellgistics Health, Inc. - Common Stock"
WHLR,"Wheeler Real Estate Investment Trust, Inc. - Common Stock"
WHWK,"Whitehawk Therapeutics, Inc. - Common Stock"
WINA,Winmark Corporation - Common Stock
WING,Wingstop Inc. - Common Stock
WINT,"Windtree Therapeutics, Inc. - Common Stock"
WKHS,"Workhorse Group, Inc. - Common Stock"
WKSP,"Worksport, Ltd. - Common Stock"
WLDN,"Willdan Group, Inc. - Common Stock"
WLFC,Willis Lease Finance Corporation - Common Stock
WNEB,"Western New England Bancorp, Inc. - Common Stock"
WORX,SCWorx Corp. - Common Stock
WRAP,"Wrap Technologies, Inc. - Common Stock"
WRLD,World Acceptance Corporation - Common Stock
WSBC,"WesBanco, Inc. - Common Stock"
WSBF,"Waterstone Financial, Inc. - Common Stock"
WSBK,"Winchester Bancorp, Inc. - Common Stock"
WSFS,WSFS Financial Corporation - Common Stock
WTBA,West Bancorporation - Common Stock
WTFC,Wintrust Financial Corporation - Common Stock
WULF,TeraWulf Inc. - Common Stock
WVVI,"Willamette Valley Vineyards, Inc. - Common Stock"
WW,"WW International, Inc.  - Common Stock"
WWD,"Woodward, Inc. - Common Stock"
WYNN,"Wynn Resorts, Limited - Common Stock"
XAGE,"Longevity Health Holdings, Inc. - Common Stock"
XAIR,"Beyond Air, Inc. - Common Stock"
XBIO,"Xenetic Biosciences, Inc. - Common Stock"
XBIT,XBiotech Inc. - Common Stock
XBP,"XBP Europe Holdings, Inc. - Common Stock"
XCUR,"Exicure, Inc. - Common Stock"
XEL,Xcel Energy Inc. - Common Stock
XELB,"Xcel Brands, Inc - Common Stock"
XERS,"Xeris Biopharma Holdings, Inc. - Common Stock"
XFOR,"X4 Pharmaceuticals, Inc. - Common Stock"
XGN,Exagen Inc. - Common Stock
XHLD,"TEN Holdings, Inc. - Common Stock"
XLO,"Xilio Therapeutics, Inc. - Common Stock"
XNCR,"Xencor, Inc. - Common Stock"
XOMA,XOMA Royalty Corporation - Common Stock
XOS,"Xos, Inc. - Common Stock"
XPEL,"XPEL, Inc. - Common Stock"
XPON,Expion360 Inc. - Common Stock
XRAY,DENTSPLY SIRONA Inc. - Common Stock
XRTX,XORTX Therapeutics Inc. - Common Stock
XRX,Xerox Holdings Corporation - Common Stock
XTIA,"XTI Aerospace, Inc. Common Stock  - Common Stock"
XWEL,"XWELL, Inc. - Common Stock"
XXII,"22nd Century Group, Inc - Common Stock"
YHC,LQR House Inc. - Common Stock
YHGJ,Yunhong Green CTI Ltd. - Common Stock
YMAB,"Y-mAbs Therapeutics, Inc. - Common Stock"
YORW,The York Water Company - Common Stock
YYAI,Connexa Sports Technologies Inc. - Common Stock
ZBIO,"Zenas BioPharma, Inc. - Common Stock"
ZD,"Ziff Davis, Inc. - Common Stock"
ZENA,"ZenaTech, Inc. - Common Stock"
ZEUS,"Olympic Steel, Inc. - Common Stock"
ZIMV,ZimVie Inc. - Common Stock
ZION,Zions Bancorporation N.A. - Common Stock
ZS,"Zscaler, Inc. - Common Stock"
ZUMZ,Zumiez Inc. - Common Stock
ZVRA,"Zevra Therapeutics, Inc.  - Common Stock"
ZVSA,"ZyVersa Therapeutics, Inc. - Common Stock"
ZYME,Zymeworks Inc. - Common Stock
ZYXI,"Zynex, Inc. - Common Stock"
